學年度,設立別,學校類別,學校統計處代碼,學校名稱,學制班別(日間),國家(地區)別,國家(地區)區域別,境外學位生總人數(A)(A=B+C+D+E)小計,境外學位生總人數(A)(A=B+C+D+E)男,境外學位生總人數(A)(A=B+C+D+E)女,外國學生(B)小計,外國學生(B)男,外國學生(B)女,僑生(C)小計,僑生(C)男,僑生(C)女,港澳生(D)小計,港澳生(D)男,港澳生(D)女,大陸地區來臺學位生(E)小計,大陸地區來臺學位生(E)男,大陸地區來臺學位生(E)女
111,私立,一般大學,1005,淡江大學學校財團法人淡江大學,學士班(日間),土耳其共和國,其他亞洲地區,3,3,0,3,3,0,0,0,0,0,0,0,0,0,0
111,私立,一般大學,1005,淡江大學學校財團法人淡江大學,學士班(日間),大韓民國(南韓),其他亞洲地區,16,10,6,12,8,4,4,2,2,0,0,0,0,0,0
111,私立,一般大學,1005,淡江大學學校財團法人淡江大學,學士班(日間),巴西聯邦共和國,中南美洲,6,4,2,2,1,1,4,3,1,0,0,0,0,0,0
111,私立,一般大學,1005,淡江大學學校財團法人淡江大學,學士班(日間),巴拉圭,中南美洲,29,14,15,29,14,15,0,0,0,0,0,0,0,0,0
111,私立,一般大學,1005,淡江大學學校財團法人淡江大學,學士班(日間),史瓦帝尼王國,非洲,4,2,2,4,2,2,0,0,0,0,0,0,0,0,0
111,私立,一般大學,1005,淡江大學學校財團法人淡江大學,學士班(日間),瓜地馬拉共和國,中南美洲,9,4,5,8,3,5,1,1,0,0,0,0,0,0,0
111,私立,一般大學,1005,淡江大學學校財團法人淡江大學,學士班(日間),吉爾吉斯,其他亞洲地區,1,1,0,1,1,0,0,0,0,0,0,0,0,0,0
111,私立,一般大學,1005,淡江大學學校財團法人淡江大學,學士班(日間),帛琉共和國,其他亞洲地區,10,3,7,10,3,7,0,0,0,0,0,0,0,0,0
111,私立,一般大學,1005,淡江大學學校財團法人淡江大學,學士班(日間),法國,歐洲,1,0,1,1,0,1,0,0,0,0,0,0,0,0,0
111,私立,一般大學,1005,淡江大學學校財團法人淡江大學,學士班(日間),俄羅斯聯邦,其他亞洲地區,2,1,1,2,1,1,0,0,0,0,0,0,0,0,0
111,私立,一般大學,1005,淡江大學學校財團法人淡江大學,學士班(日間),柬埔寨王國,東協,1,1,0,0,0,0,1,1,0,0,0,0,0,0,0
111,私立,一般大學,1005,淡江大學學校財團法人淡江大學,學士班(日間),約旦哈什米王國,其他亞洲地區,1,0,1,0,0,0,1,0,1,0,0,0,0,0,0
111,私立,一般大學,1005,淡江大學學校財團法人淡江大學,學士班(日間),美國,北美洲,13,9,4,11,7,4,2,2,0,0,0,0,0,0,0
111,私立,一般大學,1005,淡江大學學校財團法人淡江大學,學士班(日間),泰國,東協,32,8,24,32,8,24,0,0,0,0,0,0,0,0,0
111,私立,一般大學,1005,淡江大學學校財團法人淡江大學,學士班(日間),馬來西亞,東協,111,61,50,13,7,6,98,54,44,0,0,0,0,0,0
111,私立,一般大學,1005,淡江大學學校財團法人淡江大學,學士班(日間),捷克共和國,歐洲,1,1,0,1,1,0,0,0,0,0,0,0,0,0,0
111,私立,一般大學,1005,淡江大學學校財團法人淡江大學,學士班(日間),荷蘭王國,歐洲,1,0,1,1,0,1,0,0,0,0,0,0,0,0,0
111,私立,一般大學,1005,淡江大學學校財團法人淡江大學,學士班(日間),菲律賓共和國,東協,3,1,2,1,0,1,2,1,1,0,0,0,0,0,0
111,私立,一般大學,1005,淡江大學學校財團法人淡江大學,學士班(日間),越南社會主義共和國,東協,54,17,37,46,14,32,8,3,5,0,0,0,0,0,0
111,私立,一般大學,1005,淡江大學學校財團法人淡江大學,學士班(日間),聖露西亞,中南美洲,2,1,1,2,1,1,0,0,0,0,0,0,0,0,0
111,私立,一般大學,1005,淡江大學學校財團法人淡江大學,學士班(日間),蒙古國,其他亞洲地區,8,4,4,8,4,4,0,0,0,0,0,0,0,0,0
111,私立,一般大學,1005,淡江大學學校財團法人淡江大學,學士班(日間),墨西哥合眾國,中南美洲,1,0,1,1,0,1,0,0,0,0,0,0,0,0,0
111,私立,一般大學,1005,淡江大學學校財團法人淡江大學,學士班(日間),澳大利亞,其他亞洲地區,1,1,0,1,1,0,0,0,0,0,0,0,0,0,0
111,私立,一般大學,1005,淡江大學學校財團法人淡江大學,學士班(日間),大陸地區,大陸地區,66,33,33,0,0,0,0,0,0,0,0,0,66,33,33
111,私立,一般大學,1005,淡江大學學校財團法人淡江大學,學士班(日間),厄瓜多共和國,中南美洲,1,1,0,1,1,0,0,0,0,0,0,0,0,0,0
111,私立,一般大學,1005,淡江大學學校財團法人淡江大學,學士班(日間),巴布亞紐幾內亞獨立國,其他亞洲地區,1,0,1,1,0,1,0,0,0,0,0,0,0,0,0
111,私立,一般大學,1005,淡江大學學校財團法人淡江大學,學士班(日間),日本,其他亞洲地區,125,51,74,117,49,68,8,2,6,0,0,0,0,0,0
111,私立,一般大學,1005,淡江大學學校財團法人淡江大學,學士班(日間),加拿大,北美洲,2,2,0,2,2,0,0,0,0,0,0,0,0,0,0
111,私立,一般大學,1005,淡江大學學校財團法人淡江大學,學士班(日間),尼加拉瓜,中南美洲,3,1,2,3,1,2,0,0,0,0,0,0,0,0,0
111,私立,一般大學,1005,淡江大學學校財團法人淡江大學,學士班(日間),伊朗伊斯蘭共和國,其他亞洲地區,1,1,0,1,1,0,0,0,0,0,0,0,0,0,0
111,私立,一般大學,1005,淡江大學學校財團法人淡江大學,學士班(日間),印度,南亞,7,5,2,7,5,2,0,0,0,0,0,0,0,0,0
111,私立,一般大學,1005,淡江大學學校財團法人淡江大學,學士班(日間),印度尼西亞共和國,東協,402,201,201,235,113,122,167,88,79,0,0,0,0,0,0
111,私立,一般大學,1005,淡江大學學校財團法人淡江大學,學士班(日間),吐瓦魯,其他亞洲地區,6,2,4,6,2,4,0,0,0,0,0,0,0,0,0
111,私立,一般大學,1005,淡江大學學校財團法人淡江大學,學士班(日間),宏都拉斯共和國,中南美洲,10,6,4,10,6,4,0,0,0,0,0,0,0,0,0
111,私立,一般大學,1005,淡江大學學校財團法人淡江大學,學士班(日間),貝里斯,中南美洲,8,4,4,8,4,4,0,0,0,0,0,0,0,0,0
111,私立,一般大學,1005,淡江大學學校財團法人淡江大學,學士班(日間),亞塞拜然共和國,其他亞洲地區,1,1,0,1,1,0,0,0,0,0,0,0,0,0,0
111,私立,一般大學,1005,淡江大學學校財團法人淡江大學,學士班(日間),香港,港澳,378,207,171,0,0,0,0,0,0,378,207,171,0,0,0
111,私立,一般大學,1005,淡江大學學校財團法人淡江大學,學士班(日間),哥倫比亞共和國,中南美洲,1,0,1,1,0,1,0,0,0,0,0,0,0,0,0
111,私立,一般大學,1005,淡江大學學校財團法人淡江大學,學士班(日間),哥斯大黎加共和國,中南美洲,1,0,1,0,0,0,1,0,1,0,0,0,0,0,0
111,私立,一般大學,1005,淡江大學學校財團法人淡江大學,學士班(日間),海地共和國,中南美洲,14,10,4,14,10,4,0,0,0,0,0,0,0,0,0
111,私立,一般大學,1005,淡江大學學校財團法人淡江大學,學士班(日間),烏克蘭,其他亞洲地區,1,0,1,1,0,1,0,0,0,0,0,0,0,0,0
111,私立,一般大學,1005,淡江大學學校財團法人淡江大學,學士班(日間),秘魯共和國,中南美洲,8,3,5,8,3,5,0,0,0,0,0,0,0,0,0
111,私立,一般大學,1005,淡江大學學校財團法人淡江大學,學士班(日間),索羅門群島,其他亞洲地區,1,1,0,1,1,0,0,0,0,0,0,0,0,0,0
111,私立,一般大學,1005,淡江大學學校財團法人淡江大學,學士班(日間),紐西蘭,其他亞洲地區,1,0,1,0,0,0,1,0,1,0,0,0,0,0,0
111,私立,一般大學,1005,淡江大學學校財團法人淡江大學,學士班(日間),納米比亞共和國,非洲,1,0,1,0,0,0,1,0,1,0,0,0,0,0,0
111,私立,一般大學,1005,淡江大學學校財團法人淡江大學,學士班(日間),馬紹爾群島共和國,其他亞洲地區,21,5,16,21,5,16,0,0,0,0,0,0,0,0,0
111,私立,一般大學,1005,淡江大學學校財團法人淡江大學,學士班(日間),新加坡共和國,東協,1,0,1,1,0,1,0,0,0,0,0,0,0,0,0
111,私立,一般大學,1005,淡江大學學校財團法人淡江大學,學士班(日間),瑞士聯邦,歐洲,1,1,0,1,1,0,0,0,0,0,0,0,0,0,0
111,私立,一般大學,1005,淡江大學學校財團法人淡江大學,學士班(日間),瑞典王國,歐洲,1,1,0,1,1,0,0,0,0,0,0,0,0,0,0
111,私立,一般大學,1005,淡江大學學校財團法人淡江大學,學士班(日間),聖文森(及格瑞那丁),中南美洲,8,3,5,8,3,5,0,0,0,0,0,0,0,0,0
111,私立,一般大學,1005,淡江大學學校財團法人淡江大學,學士班(日間),聖克里斯多福及尼維斯,中南美洲,4,2,2,4,2,2,0,0,0,0,0,0,0,0,0
111,私立,一般大學,1005,淡江大學學校財團法人淡江大學,學士班(日間),德意志聯邦共和國,歐洲,1,0,1,1,0,1,0,0,0,0,0,0,0,0,0
111,私立,一般大學,1005,淡江大學學校財團法人淡江大學,學士班(日間),緬甸,東協,5,2,3,0,0,0,5,2,3,0,0,0,0,0,0
111,私立,一般大學,1005,淡江大學學校財團法人淡江大學,學士班(日間),澳門,港澳,55,32,23,0,0,0,0,0,0,55,32,23,0,0,0
111,私立,一般大學,1005,淡江大學學校財團法人淡江大學,學士班(日間),盧森堡大公國,歐洲,1,1,0,1,1,0,0,0,0,0,0,0,0,0,0
111,私立,一般大學,1005,淡江大學學校財團法人淡江大學,學士班(日間),諾魯共和國,其他亞洲地區,3,1,2,3,1,2,0,0,0,0,0,0,0,0,0
111,私立,一般大學,1006,中國文化大學,學士班(日間),巴西聯邦共和國,中南美洲,1,0,1,0,0,0,1,0,1,0,0,0,0,0,0
111,私立,一般大學,1006,中國文化大學,學士班(日間),巴拉圭,中南美洲,2,2,0,2,2,0,0,0,0,0,0,0,0,0,0
111,私立,一般大學,1006,中國文化大學,學士班(日間),加拿大,北美洲,1,1,0,0,0,0,1,1,0,0,0,0,0,0,0
111,私立,一般大學,1006,中國文化大學,學士班(日間),印度尼西亞共和國,東協,119,56,63,73,39,34,46,17,29,0,0,0,0,0,0
111,私立,一般大學,1006,中國文化大學,學士班(日間),委內瑞拉共和國,中南美洲,1,1,0,1,1,0,0,0,0,0,0,0,0,0,0
111,私立,一般大學,1006,中國文化大學,學士班(日間),法國,歐洲,2,1,1,2,1,1,0,0,0,0,0,0,0,0,0
111,私立,一般大學,1006,中國文化大學,學士班(日間),俄羅斯聯邦,其他亞洲地區,5,1,4,5,1,4,0,0,0,0,0,0,0,0,0
111,私立,一般大學,1006,中國文化大學,學士班(日間),美國,北美洲,5,4,1,3,2,1,2,2,0,0,0,0,0,0,0
111,私立,一般大學,1006,中國文化大學,學士班(日間),泰國,東協,7,2,5,4,2,2,3,0,3,0,0,0,0,0,0
111,私立,一般大學,1006,中國文化大學,學士班(日間),烏茲別克共和國,其他亞洲地區,1,1,0,1,1,0,0,0,0,0,0,0,0,0,0
111,私立,一般大學,1006,中國文化大學,學士班(日間),馬紹爾群島共和國,其他亞洲地區,1,0,1,1,0,1,0,0,0,0,0,0,0,0,0
111,私立,一般大學,1006,中國文化大學,學士班(日間),越南社會主義共和國,東協,43,16,27,40,14,26,3,2,1,0,0,0,0,0,0
111,私立,一般大學,1006,中國文化大學,學士班(日間),德意志聯邦共和國,歐洲,1,1,0,1,1,0,0,0,0,0,0,0,0,0,0
111,私立,一般大學,1006,中國文化大學,學士班(日間),黎巴嫩共和國,其他亞洲地區,1,0,1,1,0,1,0,0,0,0,0,0,0,0,0
111,私立,一般大學,1006,中國文化大學,學士班(日間),澳門,港澳,26,12,14,0,0,0,0,0,0,26,12,14,0,0,0
111,私立,一般大學,1006,中國文化大學,學士班(日間),大陸地區,大陸地區,57,24,33,0,0,0,0,0,0,0,0,0,57,24,33
111,私立,一般大學,1006,中國文化大學,學士班(日間),大韓民國(南韓),其他亞洲地區,24,8,16,22,8,14,2,0,2,0,0,0,0,0,0
111,私立,一般大學,1006,中國文化大學,學士班(日間),日本,其他亞洲地區,90,32,58,88,30,58,2,2,0,0,0,0,0,0,0
111,私立,一般大學,1006,中國文化大學,學士班(日間),印度,南亞,1,0,1,1,0,1,0,0,0,0,0,0,0,0,0
111,私立,一般大學,1006,中國文化大學,學士班(日間),吉爾吉斯,其他亞洲地區,2,1,1,2,1,1,0,0,0,0,0,0,0,0,0
111,私立,一般大學,1006,中國文化大學,學士班(日間),奈及利亞聯邦共和國,非洲,2,1,1,2,1,1,0,0,0,0,0,0,0,0,0
111,私立,一般大學,1006,中國文化大學,學士班(日間),南非共和國,非洲,1,0,1,0,0,0,1,0,1,0,0,0,0,0,0
111,私立,一般大學,1006,中國文化大學,學士班(日間),查德共和國,非洲,1,1,0,1,1,0,0,0,0,0,0,0,0,0,0
111,私立,一般大學,1006,中國文化大學,學士班(日間),香港,港澳,254,127,127,0,0,0,0,0,0,254,127,127,0,0,0
111,私立,一般大學,1006,中國文化大學,學士班(日間),剛果共和國,非洲,2,2,0,2,2,0,0,0,0,0,0,0,0,0,0
111,私立,一般大學,1006,中國文化大學,學士班(日間),秘魯共和國,中南美洲,1,1,0,1,1,0,0,0,0,0,0,0,0,0,0
111,私立,一般大學,1006,中國文化大學,學士班(日間),馬來西亞,東協,254,135,119,144,83,61,110,52,58,0,0,0,0,0,0
111,私立,一般大學,1006,中國文化大學,學士班(日間),菲律賓共和國,東協,2,1,1,2,1,1,0,0,0,0,0,0,0,0,0
111,私立,一般大學,1006,中國文化大學,學士班(日間),塞爾維亞共和國,歐洲,1,1,0,1,1,0,0,0,0,0,0,0,0,0,0
111,私立,一般大學,1006,中國文化大學,學士班(日間),新加坡共和國,東協,1,1,0,0,0,0,1,1,0,0,0,0,0,0,0
111,私立,一般大學,1006,中國文化大學,學士班(日間),義大利共和國,歐洲,1,0,1,0,0,0,1,0,1,0,0,0,0,0,0
111,私立,一般大學,1006,中國文化大學,學士班(日間),聖文森(及格瑞那丁),中南美洲,1,1,0,1,1,0,0,0,0,0,0,0,0,0,0
111,私立,一般大學,1006,中國文化大學,學士班(日間),蒙古國,其他亞洲地區,4,3,1,4,3,1,0,0,0,0,0,0,0,0,0
111,私立,一般大學,1006,中國文化大學,學士班(日間),緬甸,東協,5,2,3,3,2,1,2,0,2,0,0,0,0,0,0
111,私立,一般大學,1007,逢甲大學,學士班(日間),日本,其他亞洲地區,145,65,80,142,63,79,3,2,1,0,0,0,0,0,0
111,私立,一般大學,1007,逢甲大學,學士班(日間),比利時王國,歐洲,1,1,0,1,1,0,0,0,0,0,0,0,0,0,0
111,私立,一般大學,1007,逢甲大學,學士班(日間),貝里斯,中南美洲,1,0,1,1,0,1,0,0,0,0,0,0,0,0,0
111,私立,一般大學,1007,逢甲大學,學士班(日間),委內瑞拉共和國,中南美洲,1,1,0,0,0,0,1,1,0,0,0,0,0,0,0
111,私立,一般大學,1007,逢甲大學,學士班(日間),法國,歐洲,5,3,2,5,3,2,0,0,0,0,0,0,0,0,0
111,私立,一般大學,1007,逢甲大學,學士班(日間),俄羅斯聯邦,其他亞洲地區,3,1,2,3,1,2,0,0,0,0,0,0,0,0,0
111,私立,一般大學,1007,逢甲大學,學士班(日間),美國,北美洲,5,4,1,2,1,1,3,3,0,0,0,0,0,0,0
111,私立,一般大學,1007,逢甲大學,學士班(日間),泰國,東協,42,14,28,41,13,28,1,1,0,0,0,0,0,0,0
111,私立,一般大學,1007,逢甲大學,學士班(日間),德意志聯邦共和國,歐洲,1,0,1,1,0,1,0,0,0,0,0,0,0,0,0
111,私立,一般大學,1007,逢甲大學,學士班(日間),緬甸,東協,1,1,0,0,0,0,1,1,0,0,0,0,0,0,0
111,私立,一般大學,1007,逢甲大學,學士班(日間),墨西哥合眾國,中南美洲,1,1,0,1,1,0,0,0,0,0,0,0,0,0,0
111,私立,一般大學,1007,逢甲大學,學士班(日間),大陸地區,大陸地區,62,41,21,0,0,0,0,0,0,0,0,0,62,41,21
111,私立,一般大學,1007,逢甲大學,學士班(日間),大韓民國(南韓),其他亞洲地區,8,3,5,7,2,5,1,1,0,0,0,0,0,0,0
111,私立,一般大學,1007,逢甲大學,學士班(日間),巴西聯邦共和國,中南美洲,1,1,0,1,1,0,0,0,0,0,0,0,0,0,0
111,私立,一般大學,1007,逢甲大學,學士班(日間),加拿大,北美洲,2,2,0,0,0,0,2,2,0,0,0,0,0,0,0
111,私立,一般大學,1007,逢甲大學,學士班(日間),印度尼西亞共和國,東協,119,62,57,101,50,51,18,12,6,0,0,0,0,0,0
111,私立,一般大學,1007,逢甲大學,學士班(日間),波蘭共和國,歐洲,1,1,0,1,1,0,0,0,0,0,0,0,0,0,0
111,私立,一般大學,1007,逢甲大學,學士班(日間),阿根廷,中南美洲,2,1,1,1,1,0,1,0,1,0,0,0,0,0,0
111,私立,一般大學,1007,逢甲大學,學士班(日間),南非共和國,非洲,6,3,3,2,1,1,4,2,2,0,0,0,0,0,0
111,私立,一般大學,1007,逢甲大學,學士班(日間),香港,港澳,270,196,74,0,0,0,0,0,0,270,196,74,0,0,0
111,私立,一般大學,1007,逢甲大學,學士班(日間),馬來西亞,東協,178,124,54,55,34,21,123,90,33,0,0,0,0,0,0
111,私立,一般大學,1007,逢甲大學,學士班(日間),荷蘭王國,歐洲,1,1,0,1,1,0,0,0,0,0,0,0,0,0,0
111,私立,一般大學,1007,逢甲大學,學士班(日間),菲律賓共和國,東協,2,0,2,0,0,0,2,0,2,0,0,0,0,0,0
111,私立,一般大學,1007,逢甲大學,學士班(日間),越南社會主義共和國,東協,34,10,24,27,10,17,7,0,7,0,0,0,0,0,0
111,私立,一般大學,1007,逢甲大學,學士班(日間),塔吉克共和國,其他亞洲地區,1,0,1,1,0,1,0,0,0,0,0,0,0,0,0
111,私立,一般大學,1007,逢甲大學,學士班(日間),新加坡共和國,東協,1,1,0,0,0,0,1,1,0,0,0,0,0,0,0
111,私立,一般大學,1007,逢甲大學,學士班(日間),聖文森(及格瑞那丁),中南美洲,1,1,0,1,1,0,0,0,0,0,0,0,0,0,0
111,私立,一般大學,1007,逢甲大學,學士班(日間),聖露西亞,中南美洲,1,1,0,1,1,0,0,0,0,0,0,0,0,0,0
111,私立,一般大學,1007,逢甲大學,學士班(日間),蒙古國,其他亞洲地區,4,3,1,4,3,1,0,0,0,0,0,0,0,0,0
111,私立,一般大學,1007,逢甲大學,學士班(日間),澳門,港澳,18,16,2,0,0,0,0,0,0,18,16,2,0,0,0
111,私立,一般大學,1008,靜宜大學,學士班(日間),巴拉圭,中南美洲,1,0,1,0,0,0,1,0,1,0,0,0,0,0,0
111,私立,一般大學,1008,靜宜大學,學士班(日間),史瓦帝尼王國,非洲,13,5,8,13,5,8,0,0,0,0,0,0,0,0,0
111,私立,一般大學,1008,靜宜大學,學士班(日間),奈及利亞聯邦共和國,非洲,1,1,0,1,1,0,0,0,0,0,0,0,0,0,0
111,私立,一般大學,1008,靜宜大學,學士班(日間),法國,歐洲,1,1,0,1,1,0,0,0,0,0,0,0,0,0,0
111,私立,一般大學,1008,靜宜大學,學士班(日間),俄羅斯聯邦,其他亞洲地區,2,2,0,2,2,0,0,0,0,0,0,0,0,0,0
111,私立,一般大學,1008,靜宜大學,學士班(日間),泰國,東協,17,3,14,17,3,14,0,0,0,0,0,0,0,0,0
111,私立,一般大學,1008,靜宜大學,學士班(日間),烏干達共和國,非洲,2,1,1,2,1,1,0,0,0,0,0,0,0,0,0
111,私立,一般大學,1008,靜宜大學,學士班(日間),莫三比克共和國,非洲,1,0,1,1,0,1,0,0,0,0,0,0,0,0,0
111,私立,一般大學,1008,靜宜大學,學士班(日間),智利,中南美洲,2,1,1,2,1,1,0,0,0,0,0,0,0,0,0
111,私立,一般大學,1008,靜宜大學,學士班(日間),越南社會主義共和國,東協,108,27,81,107,26,81,1,1,0,0,0,0,0,0,0
111,私立,一般大學,1008,靜宜大學,學士班(日間),大陸地區,大陸地區,33,14,19,0,0,0,0,0,0,0,0,0,33,14,19
111,私立,一般大學,1008,靜宜大學,學士班(日間),大韓民國(南韓),其他亞洲地區,1,0,1,0,0,0,1,0,1,0,0,0,0,0,0
111,私立,一般大學,1008,靜宜大學,學士班(日間),日本,其他亞洲地區,62,25,37,62,25,37,0,0,0,0,0,0,0,0,0
111,私立,一般大學,1008,靜宜大學,學士班(日間),印度,南亞,3,2,1,3,2,1,0,0,0,0,0,0,0,0,0
111,私立,一般大學,1008,靜宜大學,學士班(日間),印度尼西亞共和國,東協,52,24,28,45,23,22,7,1,6,0,0,0,0,0,0
111,私立,一般大學,1008,靜宜大學,學士班(日間),亞美尼亞共和國,其他亞洲地區,1,0,1,1,0,1,0,0,0,0,0,0,0,0,0
111,私立,一般大學,1008,靜宜大學,學士班(日間),肯亞共和國,非洲,1,0,1,1,0,1,0,0,0,0,0,0,0,0,0
111,私立,一般大學,1008,靜宜大學,學士班(日間),香港,港澳,63,37,26,0,0,0,0,0,0,63,37,26,0,0,0
111,私立,一般大學,1008,靜宜大學,學士班(日間),秘魯共和國,中南美洲,2,1,1,2,1,1,0,0,0,0,0,0,0,0,0
111,私立,一般大學,1008,靜宜大學,學士班(日間),馬來西亞,東協,150,91,59,120,77,43,30,14,16,0,0,0,0,0,0
111,私立,一般大學,1008,靜宜大學,學士班(日間),菲律賓共和國,東協,4,2,2,3,2,1,1,0,1,0,0,0,0,0,0
111,私立,一般大學,1008,靜宜大學,學士班(日間),蒙古國,其他亞洲地區,5,1,4,5,1,4,0,0,0,0,0,0,0,0,0
111,私立,一般大學,1008,靜宜大學,學士班(日間),緬甸,東協,4,1,3,0,0,0,4,1,3,0,0,0,0,0,0
111,私立,一般大學,1008,靜宜大學,學士班(日間),澳門,港澳,12,4,8,0,0,0,0,0,0,12,4,8,0,0,0
111,私立,一般大學,1014,義守大學,學士班(日間),大陸地區,大陸地區,12,7,5,0,0,0,0,0,0,0,0,0,12,7,5
111,私立,一般大學,1014,義守大學,學士班(日間),大韓民國(南韓),其他亞洲地區,5,4,1,1,1,0,4,3,1,0,0,0,0,0,0
111,私立,一般大學,1014,義守大學,學士班(日間),巴勒斯坦,其他亞洲地區,2,0,2,2,0,2,0,0,0,0,0,0,0,0,0
111,私立,一般大學,1014,義守大學,學士班(日間),日本,其他亞洲地區,104,38,66,104,38,66,0,0,0,0,0,0,0,0,0
111,私立,一般大學,1014,義守大學,學士班(日間),加拿大,北美洲,2,2,0,1,1,0,1,1,0,0,0,0,0,0,0
111,私立,一般大學,1014,義守大學,學士班(日間),尼加拉瓜,中南美洲,1,0,1,1,0,1,0,0,0,0,0,0,0,0,0
111,私立,一般大學,1014,義守大學,學士班(日間),印度尼西亞共和國,東協,250,111,139,220,98,122,30,13,17,0,0,0,0,0,0
111,私立,一般大學,1014,義守大學,學士班(日間),宏都拉斯共和國,中南美洲,16,6,10,16,6,10,0,0,0,0,0,0,0,0,0
111,私立,一般大學,1014,義守大學,學士班(日間),貝里斯,中南美洲,24,8,16,24,8,16,0,0,0,0,0,0,0,0,0
111,私立,一般大學,1014,義守大學,學士班(日間),香港,港澳,392,211,181,0,0,0,0,0,0,392,211,181,0,0,0
111,私立,一般大學,1014,義守大學,學士班(日間),海地共和國,中南美洲,1,1,0,1,1,0,0,0,0,0,0,0,0,0,0
111,私立,一般大學,1014,義守大學,學士班(日間),秘魯共和國,中南美洲,1,0,1,1,0,1,0,0,0,0,0,0,0,0,0
111,私立,一般大學,1014,義守大學,學士班(日間),斐濟群島共和國,其他亞洲地區,1,0,1,1,0,1,0,0,0,0,0,0,0,0,0
111,私立,一般大學,1014,義守大學,學士班(日間),塔吉克共和國,其他亞洲地區,1,1,0,1,1,0,0,0,0,0,0,0,0,0,0
111,私立,一般大學,1014,義守大學,學士班(日間),新加坡共和國,東協,1,0,1,1,0,1,0,0,0,0,0,0,0,0,0
111,私立,一般大學,1014,義守大學,學士班(日間),聖文森(及格瑞那丁),中南美洲,3,1,2,3,1,2,0,0,0,0,0,0,0,0,0
111,私立,一般大學,1014,義守大學,學士班(日間),聖克里斯多福及尼維斯,中南美洲,4,0,4,4,0,4,0,0,0,0,0,0,0,0,0
111,私立,一般大學,1014,義守大學,學士班(日間),澳門,港澳,67,47,20,0,0,0,0,0,0,67,47,20,0,0,0
111,私立,一般大學,1014,義守大學,學士班(日間),巴拉圭,中南美洲,2,1,1,2,1,1,0,0,0,0,0,0,0,0,0
111,私立,一般大學,1014,義守大學,學士班(日間),史瓦帝尼王國,非洲,2,1,1,2,1,1,0,0,0,0,0,0,0,0,0
111,私立,一般大學,1014,義守大學,學士班(日間),瓜地馬拉共和國,中南美洲,2,1,1,2,1,1,0,0,0,0,0,0,0,0,0
111,私立,一般大學,1014,義守大學,學士班(日間),吉爾吉斯,其他亞洲地區,39,14,25,39,14,25,0,0,0,0,0,0,0,0,0
111,私立,一般大學,1014,義守大學,學士班(日間),帛琉共和國,其他亞洲地區,2,2,0,2,2,0,0,0,0,0,0,0,0,0,0
111,私立,一般大學,1014,義守大學,學士班(日間),俄羅斯聯邦,其他亞洲地區,2,1,1,2,1,1,0,0,0,0,0,0,0,0,0
111,私立,一般大學,1014,義守大學,學士班(日間),美國,北美洲,4,3,1,3,2,1,1,1,0,0,0,0,0,0,0
111,私立,一般大學,1014,義守大學,學士班(日間),埃及阿拉伯共和國,非洲,2,2,0,2,2,0,0,0,0,0,0,0,0,0,0
111,私立,一般大學,1014,義守大學,學士班(日間),泰國,東協,83,27,56,83,27,56,0,0,0,0,0,0,0,0,0
111,私立,一般大學,1014,義守大學,學士班(日間),烏茲別克共和國,其他亞洲地區,1,1,0,1,1,0,0,0,0,0,0,0,0,0,0
111,私立,一般大學,1014,義守大學,學士班(日間),馬來西亞,東協,152,85,67,96,56,40,56,29,27,0,0,0,0,0,0
111,私立,一般大學,1014,義守大學,學士班(日間),馬紹爾群島共和國,其他亞洲地區,3,3,0,3,3,0,0,0,0,0,0,0,0,0,0
111,私立,一般大學,1014,義守大學,學士班(日間),菲律賓共和國,東協,22,12,10,21,11,10,1,1,0,0,0,0,0,0,0
111,私立,一般大學,1014,義守大學,學士班(日間),越南社會主義共和國,東協,133,47,86,132,47,85,1,0,1,0,0,0,0,0,0
111,私立,一般大學,1014,義守大學,學士班(日間),聖露西亞,中南美洲,34,12,22,34,12,22,0,0,0,0,0,0,0,0,0
111,私立,一般大學,1014,義守大學,學士班(日間),蒙古國,其他亞洲地區,11,6,5,11,6,5,0,0,0,0,0,0,0,0,0
111,私立,一般大學,1014,義守大學,學士班(日間),薩爾瓦多,中南美洲,1,1,0,1,1,0,0,0,0,0,0,0,0,0,0
111,私立,一般大學,1016,銘傳大學,學士班(日間),大陸地區,大陸地區,56,22,34,0,0,0,0,0,0,0,0,0,56,22,34
111,私立,一般大學,1016,銘傳大學,學士班(日間),大韓民國(南韓),其他亞洲地區,12,5,7,11,5,6,1,0,1,0,0,0,0,0,0
111,私立,一般大學,1016,銘傳大學,學士班(日間),巴布亞紐幾內亞獨立國,其他亞洲地區,6,1,5,6,1,5,0,0,0,0,0,0,0,0,0
111,私立,一般大學,1016,銘傳大學,學士班(日間),巴西聯邦共和國,中南美洲,3,2,1,3,2,1,0,0,0,0,0,0,0,0,0
111,私立,一般大學,1016,銘傳大學,學士班(日間),巴拉圭,中南美洲,8,5,3,8,5,3,0,0,0,0,0,0,0,0,0
111,私立,一般大學,1016,銘傳大學,學士班(日間),加拿大,北美洲,2,2,0,2,2,0,0,0,0,0,0,0,0,0,0
111,私立,一般大學,1016,銘傳大學,學士班(日間),史瓦帝尼王國,非洲,12,6,6,12,6,6,0,0,0,0,0,0,0,0,0
111,私立,一般大學,1016,銘傳大學,學士班(日間),尼加拉瓜,中南美洲,3,3,0,3,3,0,0,0,0,0,0,0,0,0,0
111,私立,一般大學,1016,銘傳大學,學士班(日間),尼泊爾聯邦民主共和國,南亞,2,2,0,2,2,0,0,0,0,0,0,0,0,0,0
111,私立,一般大學,1016,銘傳大學,學士班(日間),瓜地馬拉共和國,中南美洲,14,7,7,14,7,7,0,0,0,0,0,0,0,0,0
111,私立,一般大學,1016,銘傳大學,學士班(日間),印度尼西亞共和國,東協,218,83,135,144,53,91,74,30,44,0,0,0,0,0,0
111,私立,一般大學,1016,銘傳大學,學士班(日間),吐瓦魯,其他亞洲地區,2,1,1,2,1,1,0,0,0,0,0,0,0,0,0
111,私立,一般大學,1016,銘傳大學,學士班(日間),貝里斯,中南美洲,11,0,11,11,0,11,0,0,0,0,0,0,0,0,0
111,私立,一般大學,1016,銘傳大學,學士班(日間),奈及利亞聯邦共和國,非洲,2,0,2,2,0,2,0,0,0,0,0,0,0,0,0
111,私立,一般大學,1016,銘傳大學,學士班(日間),帛琉共和國,其他亞洲地區,24,12,12,24,12,12,0,0,0,0,0,0,0,0,0
111,私立,一般大學,1016,銘傳大學,學士班(日間),拉脫維亞共和國,歐洲,1,0,1,1,0,1,0,0,0,0,0,0,0,0,0
111,私立,一般大學,1016,銘傳大學,學士班(日間),法國,歐洲,4,1,3,4,1,3,0,0,0,0,0,0,0,0,0
111,私立,一般大學,1016,銘傳大學,學士班(日間),阿根廷,中南美洲,1,1,0,1,1,0,0,0,0,0,0,0,0,0,0
111,私立,一般大學,1016,銘傳大學,學士班(日間),俄羅斯聯邦,其他亞洲地區,3,2,1,3,2,1,0,0,0,0,0,0,0,0,0
111,私立,一般大學,1016,銘傳大學,學士班(日間),南非共和國,非洲,2,0,2,2,0,2,0,0,0,0,0,0,0,0,0
111,私立,一般大學,1016,銘傳大學,學士班(日間),埃及阿拉伯共和國,非洲,1,1,0,1,1,0,0,0,0,0,0,0,0,0,0
111,私立,一般大學,1016,銘傳大學,學士班(日間),泰國,東協,100,32,68,93,28,65,7,4,3,0,0,0,0,0,0
111,私立,一般大學,1016,銘傳大學,學士班(日間),海地共和國,中南美洲,5,2,3,5,2,3,0,0,0,0,0,0,0,0,0
111,私立,一般大學,1016,銘傳大學,學士班(日間),馬來西亞,東協,488,193,295,250,113,137,238,80,158,0,0,0,0,0,0
111,私立,一般大學,1016,銘傳大學,學士班(日間),馬紹爾群島共和國,其他亞洲地區,9,4,5,9,4,5,0,0,0,0,0,0,0,0,0
111,私立,一般大學,1016,銘傳大學,學士班(日間),馬達加斯加共和國,非洲,1,1,0,0,0,0,1,1,0,0,0,0,0,0,0
111,私立,一般大學,1016,銘傳大學,學士班(日間),斯洛伐克共和國,歐洲,1,1,0,1,1,0,0,0,0,0,0,0,0,0,0
111,私立,一般大學,1016,銘傳大學,學士班(日間),菲律賓共和國,東協,8,1,7,6,0,6,2,1,1,0,0,0,0,0,0
111,私立,一般大學,1016,銘傳大學,學士班(日間),越南社會主義共和國,東協,285,86,199,275,81,194,10,5,5,0,0,0,0,0,0
111,私立,一般大學,1016,銘傳大學,學士班(日間),瑞士聯邦,歐洲,2,2,0,2,2,0,0,0,0,0,0,0,0,0,0
111,私立,一般大學,1016,銘傳大學,學士班(日間),聖露西亞,中南美洲,3,0,3,3,0,3,0,0,0,0,0,0,0,0,0
111,私立,一般大學,1016,銘傳大學,學士班(日間),蒙古國,其他亞洲地區,12,8,4,12,8,4,0,0,0,0,0,0,0,0,0
111,私立,一般大學,1016,銘傳大學,學士班(日間),德意志聯邦共和國,歐洲,3,2,1,3,2,1,0,0,0,0,0,0,0,0,0
111,私立,一般大學,1016,銘傳大學,學士班(日間),澳門,港澳,63,29,34,0,0,0,0,0,0,63,29,34,0,0,0
111,私立,一般大學,1016,銘傳大學,學士班(日間),薩爾瓦多,中南美洲,3,1,2,3,1,2,0,0,0,0,0,0,0,0,0
111,私立,一般大學,1016,銘傳大學,學士班(日間),厄瓜多共和國,中南美洲,3,0,3,3,0,3,0,0,0,0,0,0,0,0,0
111,私立,一般大學,1016,銘傳大學,學士班(日間),巴林,其他亞洲地區,1,1,0,1,1,0,0,0,0,0,0,0,0,0,0
111,私立,一般大學,1016,銘傳大學,學士班(日間),巴勒斯坦,其他亞洲地區,1,1,0,1,1,0,0,0,0,0,0,0,0,0,0
111,私立,一般大學,1016,銘傳大學,學士班(日間),日本,其他亞洲地區,86,18,68,84,18,66,2,0,2,0,0,0,0,0,0
111,私立,一般大學,1016,銘傳大學,學士班(日間),印度,南亞,4,0,4,4,0,4,0,0,0,0,0,0,0,0,0
111,私立,一般大學,1016,銘傳大學,學士班(日間),宏都拉斯共和國,中南美洲,28,12,16,28,12,16,0,0,0,0,0,0,0,0,0
111,私立,一般大學,1016,銘傳大學,學士班(日間),美國,北美洲,20,17,3,19,16,3,1,1,0,0,0,0,0,0,0
111,私立,一般大學,1016,銘傳大學,學士班(日間),香港,港澳,360,161,199,0,0,0,0,0,0,360,161,199,0,0,0
111,私立,一般大學,1016,銘傳大學,學士班(日間),秘魯共和國,中南美洲,4,1,3,4,1,3,0,0,0,0,0,0,0,0,0
111,私立,一般大學,1016,銘傳大學,學士班(日間),塔吉克共和國,其他亞洲地區,1,1,0,1,1,0,0,0,0,0,0,0,0,0,0
111,私立,一般大學,1016,銘傳大學,學士班(日間),愛爾蘭共和國,歐洲,1,1,0,1,1,0,0,0,0,0,0,0,0,0,0
111,私立,一般大學,1016,銘傳大學,學士班(日間),新加坡共和國,東協,2,0,2,1,0,1,1,0,1,0,0,0,0,0,0
111,私立,一般大學,1016,銘傳大學,學士班(日間),瑞典王國,歐洲,1,0,1,1,0,1,0,0,0,0,0,0,0,0,0
111,私立,一般大學,1016,銘傳大學,學士班(日間),義大利共和國,歐洲,2,2,0,2,2,0,0,0,0,0,0,0,0,0,0
111,私立,一般大學,1016,銘傳大學,學士班(日間),聖文森(及格瑞那丁),中南美洲,9,3,6,9,3,6,0,0,0,0,0,0,0,0,0
111,私立,一般大學,1016,銘傳大學,學士班(日間),聖克里斯多福及尼維斯,中南美洲,13,9,4,13,9,4,0,0,0,0,0,0,0,0,0
111,私立,一般大學,1016,銘傳大學,學士班(日間),諾魯共和國,其他亞洲地區,8,5,3,8,5,3,0,0,0,0,0,0,0,0,0
112,私立,一般大學,1005,淡江大學學校財團法人淡江大學,學士班(日間),土耳其共和國,其他亞洲地區,1,1,0,1,1,0,0,0,0,0,0,0,0,0,0
112,私立,一般大學,1005,淡江大學學校財團法人淡江大學,學士班(日間),大陸地區,大陸地區,11,6,5,0,0,0,0,0,0,0,0,0,11,6,5
112,私立,一般大學,1005,淡江大學學校財團法人淡江大學,學士班(日間),大韓民國(南韓),其他亞洲地區,13,10,3,10,8,2,3,2,1,0,0,0,0,0,0
112,私立,一般大學,1005,淡江大學學校財團法人淡江大學,學士班(日間),厄瓜多共和國,中南美洲,1,1,0,1,1,0,0,0,0,0,0,0,0,0,0
112,私立,一般大學,1005,淡江大學學校財團法人淡江大學,學士班(日間),巴布亞紐幾內亞獨立國,其他亞洲地區,1,0,1,1,0,1,0,0,0,0,0,0,0,0,0
112,私立,一般大學,1005,淡江大學學校財團法人淡江大學,學士班(日間),巴西聯邦共和國,中南美洲,5,3,2,1,0,1,4,3,1,0,0,0,0,0,0
112,私立,一般大學,1005,淡江大學學校財團法人淡江大學,學士班(日間),巴拉圭,中南美洲,29,14,15,29,14,15,0,0,0,0,0,0,0,0,0
112,私立,一般大學,1005,淡江大學學校財團法人淡江大學,學士班(日間),尼加拉瓜,中南美洲,1,0,1,1,0,1,0,0,0,0,0,0,0,0,0
112,私立,一般大學,1005,淡江大學學校財團法人淡江大學,學士班(日間),瓜地馬拉共和國,中南美洲,10,5,5,9,4,5,1,1,0,0,0,0,0,0,0
112,私立,一般大學,1005,淡江大學學校財團法人淡江大學,學士班(日間),伊朗伊斯蘭共和國,其他亞洲地區,1,1,0,1,1,0,0,0,0,0,0,0,0,0,0
112,私立,一般大學,1005,淡江大學學校財團法人淡江大學,學士班(日間),印度,南亞,2,1,1,2,1,1,0,0,0,0,0,0,0,0,0
112,私立,一般大學,1005,淡江大學學校財團法人淡江大學,學士班(日間),吉爾吉斯,其他亞洲地區,1,1,0,1,1,0,0,0,0,0,0,0,0,0,0
112,私立,一般大學,1005,淡江大學學校財團法人淡江大學,學士班(日間),吐瓦魯,其他亞洲地區,6,3,3,6,3,3,0,0,0,0,0,0,0,0,0
112,私立,一般大學,1005,淡江大學學校財團法人淡江大學,學士班(日間),宏都拉斯共和國,中南美洲,6,2,4,6,2,4,0,0,0,0,0,0,0,0,0
112,私立,一般大學,1005,淡江大學學校財團法人淡江大學,學士班(日間),亞塞拜然共和國,其他亞洲地區,1,1,0,1,1,0,0,0,0,0,0,0,0,0,0
112,私立,一般大學,1005,淡江大學學校財團法人淡江大學,學士班(日間),帛琉共和國,其他亞洲地區,5,1,4,5,1,4,0,0,0,0,0,0,0,0,0
112,私立,一般大學,1005,淡江大學學校財團法人淡江大學,學士班(日間),俄羅斯聯邦,其他亞洲地區,5,2,3,5,2,3,0,0,0,0,0,0,0,0,0
112,私立,一般大學,1005,淡江大學學校財團法人淡江大學,學士班(日間),南非共和國,非洲,2,1,1,1,1,0,1,0,1,0,0,0,0,0,0
112,私立,一般大學,1005,淡江大學學校財團法人淡江大學,學士班(日間),哥倫比亞共和國,中南美洲,1,0,1,1,0,1,0,0,0,0,0,0,0,0,0
112,私立,一般大學,1005,淡江大學學校財團法人淡江大學,學士班(日間),海地共和國,中南美洲,14,8,6,14,8,6,0,0,0,0,0,0,0,0,0
112,私立,一般大學,1005,淡江大學學校財團法人淡江大學,學士班(日間),秘魯共和國,中南美洲,4,1,3,4,1,3,0,0,0,0,0,0,0,0,0
112,私立,一般大學,1005,淡江大學學校財團法人淡江大學,學士班(日間),索羅門群島,其他亞洲地區,2,2,0,2,2,0,0,0,0,0,0,0,0,0,0
112,私立,一般大學,1005,淡江大學學校財團法人淡江大學,學士班(日間),紐西蘭,其他亞洲地區,1,0,1,0,0,0,1,0,1,0,0,0,0,0,0
112,私立,一般大學,1005,淡江大學學校財團法人淡江大學,學士班(日間),馬來西亞,東協,113,64,49,15,7,8,98,57,41,0,0,0,0,0,0
112,私立,一般大學,1005,淡江大學學校財團法人淡江大學,學士班(日間),馬紹爾群島共和國,其他亞洲地區,12,3,9,12,3,9,0,0,0,0,0,0,0,0,0
112,私立,一般大學,1005,淡江大學學校財團法人淡江大學,學士班(日間),捷克共和國,歐洲,1,1,0,1,1,0,0,0,0,0,0,0,0,0,0
112,私立,一般大學,1005,淡江大學學校財團法人淡江大學,學士班(日間),菲律賓共和國,東協,5,1,4,2,0,2,3,1,2,0,0,0,0,0,0
112,私立,一般大學,1005,淡江大學學校財團法人淡江大學,學士班(日間),越南社會主義共和國,東協,56,14,42,45,12,33,11,2,9,0,0,0,0,0,0
112,私立,一般大學,1005,淡江大學學校財團法人淡江大學,學士班(日間),新加坡共和國,東協,1,0,1,1,0,1,0,0,0,0,0,0,0,0,0
112,私立,一般大學,1005,淡江大學學校財團法人淡江大學,學士班(日間),聖文森(及格瑞那丁),中南美洲,8,3,5,8,3,5,0,0,0,0,0,0,0,0,0
112,私立,一般大學,1005,淡江大學學校財團法人淡江大學,學士班(日間),聖克里斯多福及尼維斯,中南美洲,6,3,3,6,3,3,0,0,0,0,0,0,0,0,0
112,私立,一般大學,1005,淡江大學學校財團法人淡江大學,學士班(日間),聖露西亞,中南美洲,4,0,4,4,0,4,0,0,0,0,0,0,0,0,0
112,私立,一般大學,1005,淡江大學學校財團法人淡江大學,學士班(日間),蒙古國,其他亞洲地區,4,3,1,4,3,1,0,0,0,0,0,0,0,0,0
112,私立,一般大學,1005,淡江大學學校財團法人淡江大學,學士班(日間),澳大利亞,其他亞洲地區,2,2,0,2,2,0,0,0,0,0,0,0,0,0,0
112,私立,一般大學,1005,淡江大學學校財團法人淡江大學,學士班(日間),澳門,港澳,44,28,16,0,0,0,0,0,0,44,28,16,0,0,0
112,私立,一般大學,1005,淡江大學學校財團法人淡江大學,學士班(日間),日本,其他亞洲地區,111,46,65,105,44,61,6,2,4,0,0,0,0,0,0
112,私立,一般大學,1005,淡江大學學校財團法人淡江大學,學士班(日間),加拿大,北美洲,2,2,0,2,2,0,0,0,0,0,0,0,0,0,0
112,私立,一般大學,1005,淡江大學學校財團法人淡江大學,學士班(日間),史瓦帝尼王國,非洲,6,2,4,6,2,4,0,0,0,0,0,0,0,0,0
112,私立,一般大學,1005,淡江大學學校財團法人淡江大學,學士班(日間),印度尼西亞共和國,東協,400,221,179,215,122,93,185,99,86,0,0,0,0,0,0
112,私立,一般大學,1005,淡江大學學校財團法人淡江大學,學士班(日間),貝里斯,中南美洲,10,4,6,9,3,6,1,1,0,0,0,0,0,0,0
112,私立,一般大學,1005,淡江大學學校財團法人淡江大學,學士班(日間),法國,歐洲,1,0,1,1,0,1,0,0,0,0,0,0,0,0,0
112,私立,一般大學,1005,淡江大學學校財團法人淡江大學,學士班(日間),柬埔寨王國,東協,1,1,0,0,0,0,1,1,0,0,0,0,0,0,0
112,私立,一般大學,1005,淡江大學學校財團法人淡江大學,學士班(日間),約旦哈什米王國,其他亞洲地區,1,0,1,0,0,0,1,0,1,0,0,0,0,0,0
112,私立,一般大學,1005,淡江大學學校財團法人淡江大學,學士班(日間),美國,北美洲,7,4,3,4,2,2,3,2,1,0,0,0,0,0,0
112,私立,一般大學,1005,淡江大學學校財團法人淡江大學,學士班(日間),香港,港澳,307,181,126,0,0,0,0,0,0,307,181,126,0,0,0
112,私立,一般大學,1005,淡江大學學校財團法人淡江大學,學士班(日間),泰國,東協,39,9,30,39,9,30,0,0,0,0,0,0,0,0,0
112,私立,一般大學,1005,淡江大學學校財團法人淡江大學,學士班(日間),納米比亞共和國,非洲,1,0,1,0,0,0,1,0,1,0,0,0,0,0,0
112,私立,一般大學,1005,淡江大學學校財團法人淡江大學,學士班(日間),荷蘭王國,歐洲,1,0,1,1,0,1,0,0,0,0,0,0,0,0,0
112,私立,一般大學,1005,淡江大學學校財團法人淡江大學,學士班(日間),瑞士聯邦,歐洲,1,1,0,1,1,0,0,0,0,0,0,0,0,0,0
112,私立,一般大學,1005,淡江大學學校財團法人淡江大學,學士班(日間),德意志聯邦共和國,歐洲,1,0,1,1,0,1,0,0,0,0,0,0,0,0,0
112,私立,一般大學,1005,淡江大學學校財團法人淡江大學,學士班(日間),緬甸,東協,4,2,2,0,0,0,4,2,2,0,0,0,0,0,0
112,私立,一般大學,1005,淡江大學學校財團法人淡江大學,學士班(日間),盧森堡大公國,歐洲,1,1,0,1,1,0,0,0,0,0,0,0,0,0,0
112,私立,一般大學,1005,淡江大學學校財團法人淡江大學,學士班(日間),諾魯共和國,其他亞洲地區,5,1,4,5,1,4,0,0,0,0,0,0,0,0,0
112,私立,一般大學,1006,中國文化大學,學士班(日間),大陸地區,大陸地區,6,3,3,0,0,0,0,0,0,0,0,0,6,3,3
112,私立,一般大學,1006,中國文化大學,學士班(日間),巴拉圭,中南美洲,2,2,0,2,2,0,0,0,0,0,0,0,0,0,0
112,私立,一般大學,1006,中國文化大學,學士班(日間),史瓦帝尼王國,非洲,1,1,0,1,1,0,0,0,0,0,0,0,0,0,0
112,私立,一般大學,1006,中國文化大學,學士班(日間),印度尼西亞共和國,東協,117,59,58,67,39,28,50,20,30,0,0,0,0,0,0
112,私立,一般大學,1006,中國文化大學,學士班(日間),吉爾吉斯,其他亞洲地區,3,2,1,3,2,1,0,0,0,0,0,0,0,0,0
112,私立,一般大學,1006,中國文化大學,學士班(日間),法國,歐洲,2,1,1,2,1,1,0,0,0,0,0,0,0,0,0
112,私立,一般大學,1006,中國文化大學,學士班(日間),南非共和國,非洲,1,0,1,0,0,0,1,0,1,0,0,0,0,0,0
112,私立,一般大學,1006,中國文化大學,學士班(日間),香港,港澳,214,106,108,0,0,0,0,0,0,214,106,108,0,0,0
112,私立,一般大學,1006,中國文化大學,學士班(日間),泰國,東協,6,2,4,5,2,3,1,0,1,0,0,0,0,0,0
112,私立,一般大學,1006,中國文化大學,學士班(日間),烏茲別克共和國,其他亞洲地區,1,1,0,1,1,0,0,0,0,0,0,0,0,0,0
112,私立,一般大學,1006,中國文化大學,學士班(日間),越南社會主義共和國,東協,36,13,23,34,11,23,2,2,0,0,0,0,0,0,0
112,私立,一般大學,1006,中國文化大學,學士班(日間),蒙古國,其他亞洲地區,2,2,0,2,2,0,0,0,0,0,0,0,0,0,0
112,私立,一般大學,1006,中國文化大學,學士班(日間),德意志聯邦共和國,歐洲,1,1,0,1,1,0,0,0,0,0,0,0,0,0,0
112,私立,一般大學,1006,中國文化大學,學士班(日間),緬甸,東協,7,3,4,5,3,2,2,0,2,0,0,0,0,0,0
112,私立,一般大學,1006,中國文化大學,學士班(日間),澳大利亞,其他亞洲地區,2,2,0,2,2,0,0,0,0,0,0,0,0,0,0
112,私立,一般大學,1006,中國文化大學,學士班(日間),澳門,港澳,19,9,10,0,0,0,0,0,0,19,9,10,0,0,0
112,私立,一般大學,1006,中國文化大學,學士班(日間),大韓民國(南韓),其他亞洲地區,18,6,12,16,6,10,2,0,2,0,0,0,0,0,0
112,私立,一般大學,1006,中國文化大學,學士班(日間),日本,其他亞洲地區,77,26,51,76,25,51,1,1,0,0,0,0,0,0,0
112,私立,一般大學,1006,中國文化大學,學士班(日間),奈及利亞聯邦共和國,非洲,1,1,0,1,1,0,0,0,0,0,0,0,0,0,0
112,私立,一般大學,1006,中國文化大學,學士班(日間),俄羅斯聯邦,其他亞洲地區,4,1,3,4,1,3,0,0,0,0,0,0,0,0,0
112,私立,一般大學,1006,中國文化大學,學士班(日間),美國,北美洲,5,3,2,4,2,2,1,1,0,0,0,0,0,0,0
112,私立,一般大學,1006,中國文化大學,學士班(日間),馬來西亞,東協,220,114,106,124,73,51,96,41,55,0,0,0,0,0,0
112,私立,一般大學,1006,中國文化大學,學士班(日間),菲律賓共和國,東協,2,0,2,2,0,2,0,0,0,0,0,0,0,0,0
112,私立,一般大學,1006,中國文化大學,學士班(日間),新加坡共和國,東協,1,1,0,0,0,0,1,1,0,0,0,0,0,0,0
112,私立,一般大學,1007,逢甲大學,學士班(日間),巴西聯邦共和國,中南美洲,2,1,1,0,0,0,2,1,1,0,0,0,0,0,0
112,私立,一般大學,1007,逢甲大學,學士班(日間),奈及利亞聯邦共和國,非洲,1,0,1,1,0,1,0,0,0,0,0,0,0,0,0
112,私立,一般大學,1007,逢甲大學,學士班(日間),委內瑞拉共和國,中南美洲,1,1,0,0,0,0,1,1,0,0,0,0,0,0,0
112,私立,一般大學,1007,逢甲大學,學士班(日間),法國,歐洲,6,4,2,6,4,2,0,0,0,0,0,0,0,0,0
112,私立,一般大學,1007,逢甲大學,學士班(日間),俄羅斯聯邦,其他亞洲地區,4,1,3,4,1,3,0,0,0,0,0,0,0,0,0
112,私立,一般大學,1007,逢甲大學,學士班(日間),美國,北美洲,3,2,1,1,0,1,2,2,0,0,0,0,0,0,0
112,私立,一般大學,1007,逢甲大學,學士班(日間),哥倫比亞共和國,中南美洲,1,1,0,1,1,0,0,0,0,0,0,0,0,0,0
112,私立,一般大學,1007,逢甲大學,學士班(日間),泰國,東協,40,11,29,37,9,28,3,2,1,0,0,0,0,0,0
112,私立,一般大學,1007,逢甲大學,學士班(日間),索馬利蘭共和國,非洲,2,1,1,2,1,1,0,0,0,0,0,0,0,0,0
112,私立,一般大學,1007,逢甲大學,學士班(日間),菲律賓共和國,東協,4,0,4,2,0,2,2,0,2,0,0,0,0,0,0
112,私立,一般大學,1007,逢甲大學,學士班(日間),越南社會主義共和國,東協,37,16,21,30,16,14,7,0,7,0,0,0,0,0,0
112,私立,一般大學,1007,逢甲大學,學士班(日間),墨西哥合眾國,中南美洲,1,1,0,1,1,0,0,0,0,0,0,0,0,0,0
112,私立,一般大學,1007,逢甲大學,學士班(日間),大陸地區,大陸地區,12,8,4,0,0,0,0,0,0,0,0,0,12,8,4
112,私立,一般大學,1007,逢甲大學,學士班(日間),大韓民國(南韓),其他亞洲地區,9,4,5,8,3,5,1,1,0,0,0,0,0,0,0
112,私立,一般大學,1007,逢甲大學,學士班(日間),厄瓜多共和國,中南美洲,1,1,0,0,0,0,1,1,0,0,0,0,0,0,0
112,私立,一般大學,1007,逢甲大學,學士班(日間),日本,其他亞洲地區,158,72,86,155,70,85,3,2,1,0,0,0,0,0,0
112,私立,一般大學,1007,逢甲大學,學士班(日間),加拿大,北美洲,2,2,0,0,0,0,2,2,0,0,0,0,0,0,0
112,私立,一般大學,1007,逢甲大學,學士班(日間),印度尼西亞共和國,東協,105,57,48,77,41,36,28,16,12,0,0,0,0,0,0
112,私立,一般大學,1007,逢甲大學,學士班(日間),南非共和國,非洲,6,4,2,3,2,1,3,2,1,0,0,0,0,0,0
112,私立,一般大學,1007,逢甲大學,學士班(日間),英國,歐洲,1,1,0,1,1,0,0,0,0,0,0,0,0,0,0
112,私立,一般大學,1007,逢甲大學,學士班(日間),香港,港澳,211,153,58,0,0,0,0,0,0,211,153,58,0,0,0
112,私立,一般大學,1007,逢甲大學,學士班(日間),馬來西亞,東協,166,113,53,36,23,13,130,90,40,0,0,0,0,0,0
112,私立,一般大學,1007,逢甲大學,學士班(日間),塔吉克共和國,其他亞洲地區,1,0,1,1,0,1,0,0,0,0,0,0,0,0,0
112,私立,一般大學,1007,逢甲大學,學士班(日間),新加坡共和國,東協,1,1,0,0,0,0,1,1,0,0,0,0,0,0,0
112,私立,一般大學,1007,逢甲大學,學士班(日間),義大利共和國,歐洲,1,1,0,1,1,0,0,0,0,0,0,0,0,0,0
112,私立,一般大學,1007,逢甲大學,學士班(日間),聖文森(及格瑞那丁),中南美洲,1,1,0,1,1,0,0,0,0,0,0,0,0,0,0
112,私立,一般大學,1007,逢甲大學,學士班(日間),蒙古國,其他亞洲地區,1,1,0,1,1,0,0,0,0,0,0,0,0,0,0
112,私立,一般大學,1007,逢甲大學,學士班(日間),緬甸,東協,3,2,1,1,0,1,2,2,0,0,0,0,0,0,0
112,私立,一般大學,1007,逢甲大學,學士班(日間),澳門,港澳,17,14,3,0,0,0,0,0,0,17,14,3,0,0,0
112,私立,一般大學,1007,逢甲大學,學士班(日間),諾魯共和國,其他亞洲地區,1,1,0,1,1,0,0,0,0,0,0,0,0,0,0
112,私立,一般大學,1008,靜宜大學,學士班(日間),史瓦帝尼王國,非洲,20,9,11,20,9,11,0,0,0,0,0,0,0,0,0
112,私立,一般大學,1008,靜宜大學,學士班(日間),印度尼西亞共和國,東協,60,26,34,49,24,25,11,2,9,0,0,0,0,0,0
112,私立,一般大學,1008,靜宜大學,學士班(日間),肯亞共和國,非洲,1,0,1,1,0,1,0,0,0,0,0,0,0,0,0
112,私立,一般大學,1008,靜宜大學,學士班(日間),俄羅斯聯邦,其他亞洲地區,3,2,1,3,2,1,0,0,0,0,0,0,0,0,0
112,私立,一般大學,1008,靜宜大學,學士班(日間),泰國,東協,18,3,15,17,3,14,1,0,1,0,0,0,0,0,0
112,私立,一般大學,1008,靜宜大學,學士班(日間),烏干達共和國,非洲,2,1,1,2,1,1,0,0,0,0,0,0,0,0,0
112,私立,一般大學,1008,靜宜大學,學士班(日間),馬來西亞,東協,130,76,54,100,62,38,30,14,16,0,0,0,0,0,0
112,私立,一般大學,1008,靜宜大學,學士班(日間),菲律賓共和國,東協,3,2,1,3,2,1,0,0,0,0,0,0,0,0,0
112,私立,一般大學,1008,靜宜大學,學士班(日間),越南社會主義共和國,東協,127,28,99,124,25,99,3,3,0,0,0,0,0,0,0
112,私立,一般大學,1008,靜宜大學,學士班(日間),蒙古國,其他亞洲地區,7,4,3,7,4,3,0,0,0,0,0,0,0,0,0
112,私立,一般大學,1008,靜宜大學,學士班(日間),澳門,港澳,8,2,6,0,0,0,0,0,0,8,2,6,0,0,0
112,私立,一般大學,1008,靜宜大學,學士班(日間),大陸地區,大陸地區,3,2,1,0,0,0,0,0,0,0,0,0,3,2,1
112,私立,一般大學,1008,靜宜大學,學士班(日間),大韓民國(南韓),其他亞洲地區,3,0,3,2,0,2,1,0,1,0,0,0,0,0,0
112,私立,一般大學,1008,靜宜大學,學士班(日間),日本,其他亞洲地區,63,23,40,63,23,40,0,0,0,0,0,0,0,0,0
112,私立,一般大學,1008,靜宜大學,學士班(日間),印度,南亞,3,2,1,3,2,1,0,0,0,0,0,0,0,0,0
112,私立,一般大學,1008,靜宜大學,學士班(日間),奈及利亞聯邦共和國,非洲,1,1,0,1,1,0,0,0,0,0,0,0,0,0,0
112,私立,一般大學,1008,靜宜大學,學士班(日間),香港,港澳,58,31,27,0,0,0,0,0,0,58,31,27,0,0,0
112,私立,一般大學,1008,靜宜大學,學士班(日間),秘魯共和國,中南美洲,4,1,3,4,1,3,0,0,0,0,0,0,0,0,0
112,私立,一般大學,1008,靜宜大學,學士班(日間),莫三比克共和國,非洲,1,0,1,1,0,1,0,0,0,0,0,0,0,0,0
112,私立,一般大學,1008,靜宜大學,學士班(日間),斯洛伐克共和國,歐洲,1,0,1,1,0,1,0,0,0,0,0,0,0,0,0
112,私立,一般大學,1008,靜宜大學,學士班(日間),智利,中南美洲,2,1,1,2,1,1,0,0,0,0,0,0,0,0,0
112,私立,一般大學,1008,靜宜大學,學士班(日間),緬甸,東協,5,2,3,0,0,0,5,2,3,0,0,0,0,0,0
112,私立,一般大學,1014,義守大學,學士班(日間),巴拿馬共和國,中南美洲,1,0,1,0,0,0,1,0,1,0,0,0,0,0,0
112,私立,一般大學,1014,義守大學,學士班(日間),巴勒斯坦,其他亞洲地區,2,0,2,2,0,2,0,0,0,0,0,0,0,0,0
112,私立,一般大學,1014,義守大學,學士班(日間),日本,其他亞洲地區,114,41,73,113,40,73,1,1,0,0,0,0,0,0,0
112,私立,一般大學,1014,義守大學,學士班(日間),加拿大,北美洲,1,1,0,0,0,0,1,1,0,0,0,0,0,0,0
112,私立,一般大學,1014,義守大學,學士班(日間),史瓦帝尼王國,非洲,3,2,1,3,2,1,0,0,0,0,0,0,0,0,0
112,私立,一般大學,1014,義守大學,學士班(日間),印度尼西亞共和國,東協,223,97,126,188,83,105,35,14,21,0,0,0,0,0,0
112,私立,一般大學,1014,義守大學,學士班(日間),西班牙王國,歐洲,1,1,0,1,1,0,0,0,0,0,0,0,0,0,0
112,私立,一般大學,1014,義守大學,學士班(日間),宏都拉斯共和國,中南美洲,6,4,2,6,4,2,0,0,0,0,0,0,0,0,0
112,私立,一般大學,1014,義守大學,學士班(日間),貝里斯,中南美洲,22,8,14,22,8,14,0,0,0,0,0,0,0,0,0
112,私立,一般大學,1014,義守大學,學士班(日間),美國,北美洲,5,3,2,4,2,2,1,1,0,0,0,0,0,0,0
112,私立,一般大學,1014,義守大學,學士班(日間),香港,港澳,334,190,144,0,0,0,0,0,0,334,190,144,0,0,0
112,私立,一般大學,1014,義守大學,學士班(日間),泰國,東協,82,28,54,82,28,54,0,0,0,0,0,0,0,0,0
112,私立,一般大學,1014,義守大學,學士班(日間),塔吉克共和國,其他亞洲地區,1,1,0,1,1,0,0,0,0,0,0,0,0,0,0
112,私立,一般大學,1014,義守大學,學士班(日間),新加坡共和國,東協,3,1,2,2,0,2,1,1,0,0,0,0,0,0,0
112,私立,一般大學,1014,義守大學,學士班(日間),摩洛哥王國,非洲,2,1,1,2,1,1,0,0,0,0,0,0,0,0,0
112,私立,一般大學,1014,義守大學,學士班(日間),大陸地區,大陸地區,1,1,0,0,0,0,0,0,0,0,0,0,1,1,0
112,私立,一般大學,1014,義守大學,學士班(日間),大韓民國(南韓),其他亞洲地區,5,4,1,1,1,0,4,3,1,0,0,0,0,0,0
112,私立,一般大學,1014,義守大學,學士班(日間),巴拉圭,中南美洲,1,1,0,1,1,0,0,0,0,0,0,0,0,0,0
112,私立,一般大學,1014,義守大學,學士班(日間),尼加拉瓜,中南美洲,1,0,1,1,0,1,0,0,0,0,0,0,0,0,0
112,私立,一般大學,1014,義守大學,學士班(日間),尼泊爾聯邦民主共和國,南亞,1,1,0,1,1,0,0,0,0,0,0,0,0,0,0
112,私立,一般大學,1014,義守大學,學士班(日間),瓜地馬拉共和國,中南美洲,2,1,1,2,1,1,0,0,0,0,0,0,0,0,0
112,私立,一般大學,1014,義守大學,學士班(日間),吉爾吉斯,其他亞洲地區,22,10,12,22,10,12,0,0,0,0,0,0,0,0,0
112,私立,一般大學,1014,義守大學,學士班(日間),吐瓦魯,其他亞洲地區,1,1,0,1,1,0,0,0,0,0,0,0,0,0,0
112,私立,一般大學,1014,義守大學,學士班(日間),奈及利亞聯邦共和國,非洲,1,0,1,1,0,1,0,0,0,0,0,0,0,0,0
112,私立,一般大學,1014,義守大學,學士班(日間),帛琉共和國,其他亞洲地區,1,1,0,1,1,0,0,0,0,0,0,0,0,0,0
112,私立,一般大學,1014,義守大學,學士班(日間),俄羅斯聯邦,其他亞洲地區,1,0,1,1,0,1,0,0,0,0,0,0,0,0,0
112,私立,一般大學,1014,義守大學,學士班(日間),埃及阿拉伯共和國,非洲,1,1,0,1,1,0,0,0,0,0,0,0,0,0,0
112,私立,一般大學,1014,義守大學,學士班(日間),海地共和國,中南美洲,1,1,0,1,1,0,0,0,0,0,0,0,0,0,0
112,私立,一般大學,1014,義守大學,學士班(日間),馬來西亞,東協,121,68,53,71,38,33,50,30,20,0,0,0,0,0,0
112,私立,一般大學,1014,義守大學,學士班(日間),馬紹爾群島共和國,其他亞洲地區,3,3,0,3,3,0,0,0,0,0,0,0,0,0,0
112,私立,一般大學,1014,義守大學,學士班(日間),斐濟群島共和國,其他亞洲地區,1,0,1,1,0,1,0,0,0,0,0,0,0,0,0
112,私立,一般大學,1014,義守大學,學士班(日間),菲律賓共和國,東協,30,14,16,30,14,16,0,0,0,0,0,0,0,0,0
112,私立,一般大學,1014,義守大學,學士班(日間),越南社會主義共和國,東協,138,41,97,137,41,96,1,0,1,0,0,0,0,0,0
112,私立,一般大學,1014,義守大學,學士班(日間),聖文森(及格瑞那丁),中南美洲,5,2,3,5,2,3,0,0,0,0,0,0,0,0,0
112,私立,一般大學,1014,義守大學,學士班(日間),聖克里斯多福及尼維斯,中南美洲,4,0,4,4,0,4,0,0,0,0,0,0,0,0,0
112,私立,一般大學,1014,義守大學,學士班(日間),聖露西亞,中南美洲,34,10,24,34,10,24,0,0,0,0,0,0,0,0,0
112,私立,一般大學,1014,義守大學,學士班(日間),蒙古國,其他亞洲地區,14,6,8,14,6,8,0,0,0,0,0,0,0,0,0
112,私立,一般大學,1014,義守大學,學士班(日間),澳門,港澳,52,39,13,0,0,0,0,0,0,52,39,13,0,0,0
112,私立,一般大學,1014,義守大學,學士班(日間),薩爾瓦多,中南美洲,1,1,0,1,1,0,0,0,0,0,0,0,0,0,0
112,私立,一般大學,1016,銘傳大學,學士班(日間),厄瓜多共和國,中南美洲,2,0,2,2,0,2,0,0,0,0,0,0,0,0,0
112,私立,一般大學,1016,銘傳大學,學士班(日間),巴拉圭,中南美洲,13,6,7,13,6,7,0,0,0,0,0,0,0,0,0
112,私立,一般大學,1016,銘傳大學,學士班(日間),巴林,其他亞洲地區,1,1,0,1,1,0,0,0,0,0,0,0,0,0,0
112,私立,一般大學,1016,銘傳大學,學士班(日間),史瓦帝尼王國,非洲,11,5,6,11,5,6,0,0,0,0,0,0,0,0,0
112,私立,一般大學,1016,銘傳大學,學士班(日間),尼加拉瓜,中南美洲,3,3,0,3,3,0,0,0,0,0,0,0,0,0,0
112,私立,一般大學,1016,銘傳大學,學士班(日間),尼泊爾聯邦民主共和國,南亞,1,1,0,1,1,0,0,0,0,0,0,0,0,0,0
112,私立,一般大學,1016,銘傳大學,學士班(日間),瓜地馬拉共和國,中南美洲,15,7,8,15,7,8,0,0,0,0,0,0,0,0,0
112,私立,一般大學,1016,銘傳大學,學士班(日間),印度,南亞,7,2,5,7,2,5,0,0,0,0,0,0,0,0,0
112,私立,一般大學,1016,銘傳大學,學士班(日間),吉爾吉斯,其他亞洲地區,1,1,0,1,1,0,0,0,0,0,0,0,0,0,0
112,私立,一般大學,1016,銘傳大學,學士班(日間),吐瓦魯,其他亞洲地區,6,1,5,6,1,5,0,0,0,0,0,0,0,0,0
112,私立,一般大學,1016,銘傳大學,學士班(日間),貝里斯,中南美洲,13,2,11,13,2,11,0,0,0,0,0,0,0,0,0
112,私立,一般大學,1016,銘傳大學,學士班(日間),亞塞拜然共和國,其他亞洲地區,1,1,0,1,1,0,0,0,0,0,0,0,0,0,0
112,私立,一般大學,1016,銘傳大學,學士班(日間),奈及利亞聯邦共和國,非洲,1,0,1,1,0,1,0,0,0,0,0,0,0,0,0
112,私立,一般大學,1016,銘傳大學,學士班(日間),帛琉共和國,其他亞洲地區,23,14,9,23,14,9,0,0,0,0,0,0,0,0,0
112,私立,一般大學,1016,銘傳大學,學士班(日間),美國,北美洲,20,15,5,18,13,5,2,2,0,0,0,0,0,0,0
112,私立,一般大學,1016,銘傳大學,學士班(日間),香港,港澳,323,137,186,0,0,0,0,0,0,323,137,186,0,0,0
112,私立,一般大學,1016,銘傳大學,學士班(日間),海地共和國,中南美洲,5,2,3,5,2,3,0,0,0,0,0,0,0,0,0
112,私立,一般大學,1016,銘傳大學,學士班(日間),馬紹爾群島共和國,其他亞洲地區,5,3,2,5,3,2,0,0,0,0,0,0,0,0,0
112,私立,一般大學,1016,銘傳大學,學士班(日間),斯洛伐克共和國,歐洲,1,1,0,1,1,0,0,0,0,0,0,0,0,0,0
112,私立,一般大學,1016,銘傳大學,學士班(日間),越南社會主義共和國,東協,344,98,246,328,91,237,16,7,9,0,0,0,0,0,0
112,私立,一般大學,1016,銘傳大學,學士班(日間),新加坡共和國,東協,2,0,2,1,0,1,1,0,1,0,0,0,0,0,0
112,私立,一般大學,1016,銘傳大學,學士班(日間),義大利共和國,歐洲,2,2,0,2,2,0,0,0,0,0,0,0,0,0,0
112,私立,一般大學,1016,銘傳大學,學士班(日間),聖克里斯多福及尼維斯,中南美洲,15,11,4,15,11,4,0,0,0,0,0,0,0,0,0
112,私立,一般大學,1016,銘傳大學,學士班(日間),聖露西亞,中南美洲,6,1,5,6,1,5,0,0,0,0,0,0,0,0,0
112,私立,一般大學,1016,銘傳大學,學士班(日間),蒙古國,其他亞洲地區,12,6,6,12,6,6,0,0,0,0,0,0,0,0,0
112,私立,一般大學,1016,銘傳大學,學士班(日間),德意志聯邦共和國,歐洲,1,1,0,1,1,0,0,0,0,0,0,0,0,0,0
112,私立,一般大學,1016,銘傳大學,學士班(日間),緬甸,東協,4,2,2,1,0,1,3,2,1,0,0,0,0,0,0
112,私立,一般大學,1016,銘傳大學,學士班(日間),澳門,港澳,51,27,24,0,0,0,0,0,0,51,27,24,0,0,0
112,私立,一般大學,1016,銘傳大學,學士班(日間),大陸地區,大陸地區,7,4,3,0,0,0,0,0,0,0,0,0,7,4,3
112,私立,一般大學,1016,銘傳大學,學士班(日間),大韓民國(南韓),其他亞洲地區,7,3,4,6,3,3,1,0,1,0,0,0,0,0,0
112,私立,一般大學,1016,銘傳大學,學士班(日間),巴布亞紐幾內亞獨立國,其他亞洲地區,3,0,3,3,0,3,0,0,0,0,0,0,0,0,0
112,私立,一般大學,1016,銘傳大學,學士班(日間),巴西聯邦共和國,中南美洲,3,1,2,2,1,1,1,0,1,0,0,0,0,0,0
112,私立,一般大學,1016,銘傳大學,學士班(日間),巴勒斯坦,其他亞洲地區,1,1,0,1,1,0,0,0,0,0,0,0,0,0,0
112,私立,一般大學,1016,銘傳大學,學士班(日間),日本,其他亞洲地區,77,20,57,76,20,56,1,0,1,0,0,0,0,0,0
112,私立,一般大學,1016,銘傳大學,學士班(日間),加拿大,北美洲,1,1,0,1,1,0,0,0,0,0,0,0,0,0,0
112,私立,一般大學,1016,銘傳大學,學士班(日間),印度尼西亞共和國,東協,230,87,143,136,53,83,94,34,60,0,0,0,0,0,0
112,私立,一般大學,1016,銘傳大學,學士班(日間),西班牙王國,歐洲,1,0,1,1,0,1,0,0,0,0,0,0,0,0,0
112,私立,一般大學,1016,銘傳大學,學士班(日間),宏都拉斯共和國,中南美洲,13,4,9,13,4,9,0,0,0,0,0,0,0,0,0
112,私立,一般大學,1016,銘傳大學,學士班(日間),波蘭共和國,歐洲,1,0,1,1,0,1,0,0,0,0,0,0,0,0,0
112,私立,一般大學,1016,銘傳大學,學士班(日間),法國,歐洲,3,1,2,3,1,2,0,0,0,0,0,0,0,0,0
112,私立,一般大學,1016,銘傳大學,學士班(日間),阿根廷,中南美洲,1,1,0,1,1,0,0,0,0,0,0,0,0,0,0
112,私立,一般大學,1016,銘傳大學,學士班(日間),俄羅斯聯邦,其他亞洲地區,2,1,1,2,1,1,0,0,0,0,0,0,0,0,0
112,私立,一般大學,1016,銘傳大學,學士班(日間),南非共和國,非洲,1,1,0,1,1,0,0,0,0,0,0,0,0,0,0
112,私立,一般大學,1016,銘傳大學,學士班(日間),英國,歐洲,1,1,0,1,1,0,0,0,0,0,0,0,0,0,0
112,私立,一般大學,1016,銘傳大學,學士班(日間),泰國,東協,91,24,67,84,19,65,7,5,2,0,0,0,0,0,0
112,私立,一般大學,1016,銘傳大學,學士班(日間),秘魯共和國,中南美洲,4,1,3,4,1,3,0,0,0,0,0,0,0,0,0
112,私立,一般大學,1016,銘傳大學,學士班(日間),馬來西亞,東協,499,220,279,238,124,114,261,96,165,0,0,0,0,0,0
112,私立,一般大學,1016,銘傳大學,學士班(日間),菲律賓共和國,東協,7,0,7,7,0,7,0,0,0,0,0,0,0,0,0
112,私立,一般大學,1016,銘傳大學,學士班(日間),塔吉克共和國,其他亞洲地區,1,1,0,1,1,0,0,0,0,0,0,0,0,0,0
112,私立,一般大學,1016,銘傳大學,學士班(日間),愛爾蘭共和國,歐洲,1,1,0,1,1,0,0,0,0,0,0,0,0,0,0
112,私立,一般大學,1016,銘傳大學,學士班(日間),瑞士聯邦,歐洲,1,1,0,1,1,0,0,0,0,0,0,0,0,0,0
112,私立,一般大學,1016,銘傳大學,學士班(日間),瑞典王國,歐洲,1,0,1,1,0,1,0,0,0,0,0,0,0,0,0
112,私立,一般大學,1016,銘傳大學,學士班(日間),聖文森(及格瑞那丁),中南美洲,12,4,8,12,4,8,0,0,0,0,0,0,0,0,0
112,私立,一般大學,1016,銘傳大學,學士班(日間),寮人民民主共和國(寮國),東協,1,0,1,1,0,1,0,0,0,0,0,0,0,0,0
112,私立,一般大學,1016,銘傳大學,學士班(日間),諾魯共和國,其他亞洲地區,8,5,3,8,5,3,0,0,0,0,0,0,0,0,0
112,私立,一般大學,1016,銘傳大學,學士班(日間),薩爾瓦多,中南美洲,3,1,2,3,1,2,0,0,0,0,0,0,0,0,0
113,私立,一般大學,1005,淡江大學學校財團法人淡江大學,學士班(日間),巴林,其他亞洲地區,2,2,0,2,2,0,0,0,0,0,0,0,0,0,0
113,私立,一般大學,1005,淡江大學學校財團法人淡江大學,學士班(日間),日本,其他亞洲地區,109,42,67,101,38,63,8,4,4,0,0,0,0,0,0
113,私立,一般大學,1005,淡江大學學校財團法人淡江大學,學士班(日間),史瓦帝尼王國,非洲,6,2,4,6,2,4,0,0,0,0,0,0,0,0,0
113,私立,一般大學,1005,淡江大學學校財團法人淡江大學,學士班(日間),瓜地馬拉共和國,中南美洲,18,8,10,18,8,10,0,0,0,0,0,0,0,0,0
113,私立,一般大學,1005,淡江大學學校財團法人淡江大學,學士班(日間),吐瓦魯,其他亞洲地區,6,2,4,6,2,4,0,0,0,0,0,0,0,0,0
113,私立,一般大學,1005,淡江大學學校財團法人淡江大學,學士班(日間),貝里斯,中南美洲,11,5,6,10,4,6,1,1,0,0,0,0,0,0,0
113,私立,一般大學,1005,淡江大學學校財團法人淡江大學,學士班(日間),帛琉共和國,其他亞洲地區,8,3,5,8,3,5,0,0,0,0,0,0,0,0,0
113,私立,一般大學,1005,淡江大學學校財團法人淡江大學,學士班(日間),法國,歐洲,1,0,1,1,0,1,0,0,0,0,0,0,0,0,0
113,私立,一般大學,1005,淡江大學學校財團法人淡江大學,學士班(日間),美國,北美洲,10,5,5,4,2,2,6,3,3,0,0,0,0,0,0
113,私立,一般大學,1005,淡江大學學校財團法人淡江大學,學士班(日間),泰國,東協,42,13,29,42,13,29,0,0,0,0,0,0,0,0,0
113,私立,一般大學,1005,淡江大學學校財團法人淡江大學,學士班(日間),海地共和國,中南美洲,8,3,5,8,3,5,0,0,0,0,0,0,0,0,0
113,私立,一般大學,1005,淡江大學學校財團法人淡江大學,學士班(日間),索羅門群島,其他亞洲地區,2,2,0,2,2,0,0,0,0,0,0,0,0,0,0
113,私立,一般大學,1005,淡江大學學校財團法人淡江大學,學士班(日間),紐西蘭,其他亞洲地區,1,0,1,0,0,0,1,0,1,0,0,0,0,0,0
113,私立,一般大學,1005,淡江大學學校財團法人淡江大學,學士班(日間),馬紹爾群島共和國,其他亞洲地區,18,9,9,18,9,9,0,0,0,0,0,0,0,0,0
113,私立,一般大學,1005,淡江大學學校財團法人淡江大學,學士班(日間),密克羅尼西亞聯邦,其他亞洲地區,1,1,0,1,1,0,0,0,0,0,0,0,0,0,0
113,私立,一般大學,1005,淡江大學學校財團法人淡江大學,學士班(日間),德意志聯邦共和國,歐洲,1,0,1,1,0,1,0,0,0,0,0,0,0,0,0
113,私立,一般大學,1005,淡江大學學校財團法人淡江大學,學士班(日間),緬甸,東協,4,1,3,0,0,0,4,1,3,0,0,0,0,0,0
113,私立,一般大學,1005,淡江大學學校財團法人淡江大學,學士班(日間),土耳其共和國,其他亞洲地區,1,1,0,1,1,0,0,0,0,0,0,0,0,0,0
113,私立,一般大學,1005,淡江大學學校財團法人淡江大學,學士班(日間),大陸地區,大陸地區,4,3,1,0,0,0,0,0,0,0,0,0,4,3,1
113,私立,一般大學,1005,淡江大學學校財團法人淡江大學,學士班(日間),大韓民國(南韓),其他亞洲地區,10,8,2,6,6,0,4,2,2,0,0,0,0,0,0
113,私立,一般大學,1005,淡江大學學校財團法人淡江大學,學士班(日間),厄瓜多共和國,中南美洲,2,2,0,1,1,0,1,1,0,0,0,0,0,0,0
113,私立,一般大學,1005,淡江大學學校財團法人淡江大學,學士班(日間),巴布亞紐幾內亞獨立國,其他亞洲地區,1,0,1,1,0,1,0,0,0,0,0,0,0,0,0
113,私立,一般大學,1005,淡江大學學校財團法人淡江大學,學士班(日間),巴西聯邦共和國,中南美洲,2,1,1,0,0,0,2,1,1,0,0,0,0,0,0
113,私立,一般大學,1005,淡江大學學校財團法人淡江大學,學士班(日間),巴拉圭,中南美洲,28,15,13,28,15,13,0,0,0,0,0,0,0,0,0
113,私立,一般大學,1005,淡江大學學校財團法人淡江大學,學士班(日間),加拿大,北美洲,1,1,0,1,1,0,0,0,0,0,0,0,0,0,0
113,私立,一般大學,1005,淡江大學學校財團法人淡江大學,學士班(日間),伊朗伊斯蘭共和國,其他亞洲地區,1,1,0,1,1,0,0,0,0,0,0,0,0,0,0
113,私立,一般大學,1005,淡江大學學校財團法人淡江大學,學士班(日間),印度,南亞,4,3,1,4,3,1,0,0,0,0,0,0,0,0,0
113,私立,一般大學,1005,淡江大學學校財團法人淡江大學,學士班(日間),印度尼西亞共和國,東協,419,261,158,223,143,80,196,118,78,0,0,0,0,0,0
113,私立,一般大學,1005,淡江大學學校財團法人淡江大學,學士班(日間),吉里巴斯共和國,其他亞洲地區,2,1,1,2,1,1,0,0,0,0,0,0,0,0,0
113,私立,一般大學,1005,淡江大學學校財團法人淡江大學,學士班(日間),吉爾吉斯,其他亞洲地區,1,1,0,1,1,0,0,0,0,0,0,0,0,0,0
113,私立,一般大學,1005,淡江大學學校財團法人淡江大學,學士班(日間),宏都拉斯共和國,中南美洲,3,2,1,3,2,1,0,0,0,0,0,0,0,0,0
113,私立,一般大學,1005,淡江大學學校財團法人淡江大學,學士班(日間),亞美尼亞共和國,其他亞洲地區,1,0,1,1,0,1,0,0,0,0,0,0,0,0,0
113,私立,一般大學,1005,淡江大學學校財團法人淡江大學,學士班(日間),俄羅斯聯邦,其他亞洲地區,9,4,5,9,4,5,0,0,0,0,0,0,0,0,0
113,私立,一般大學,1005,淡江大學學校財團法人淡江大學,學士班(日間),南非共和國,非洲,3,2,1,1,1,0,2,1,1,0,0,0,0,0,0
113,私立,一般大學,1005,淡江大學學校財團法人淡江大學,學士班(日間),柬埔寨王國,東協,1,1,0,0,0,0,1,1,0,0,0,0,0,0,0
113,私立,一般大學,1005,淡江大學學校財團法人淡江大學,學士班(日間),約旦哈什米王國,其他亞洲地區,1,1,0,0,0,0,1,1,0,0,0,0,0,0,0
113,私立,一般大學,1005,淡江大學學校財團法人淡江大學,學士班(日間),香港,港澳,235,144,91,0,0,0,0,0,0,235,144,91,0,0,0
113,私立,一般大學,1005,淡江大學學校財團法人淡江大學,學士班(日間),烏茲別克共和國,其他亞洲地區,1,1,0,1,1,0,0,0,0,0,0,0,0,0,0
113,私立,一般大學,1005,淡江大學學校財團法人淡江大學,學士班(日間),秘魯共和國,中南美洲,2,1,1,2,1,1,0,0,0,0,0,0,0,0,0
113,私立,一般大學,1005,淡江大學學校財團法人淡江大學,學士班(日間),納米比亞共和國,非洲,1,0,1,0,0,0,1,0,1,0,0,0,0,0,0
113,私立,一般大學,1005,淡江大學學校財團法人淡江大學,學士班(日間),馬來西亞,東協,105,62,43,10,4,6,95,58,37,0,0,0,0,0,0
113,私立,一般大學,1005,淡江大學學校財團法人淡江大學,學士班(日間),菲律賓共和國,東協,7,2,5,4,1,3,3,1,2,0,0,0,0,0,0
113,私立,一般大學,1005,淡江大學學校財團法人淡江大學,學士班(日間),越南社會主義共和國,東協,96,33,63,82,29,53,14,4,10,0,0,0,0,0,0
113,私立,一般大學,1005,淡江大學學校財團法人淡江大學,學士班(日間),新加坡共和國,東協,1,0,1,1,0,1,0,0,0,0,0,0,0,0,0
113,私立,一般大學,1005,淡江大學學校財團法人淡江大學,學士班(日間),聖文森(及格瑞那丁),中南美洲,8,3,5,8,3,5,0,0,0,0,0,0,0,0,0
113,私立,一般大學,1005,淡江大學學校財團法人淡江大學,學士班(日間),聖克里斯多福及尼維斯,中南美洲,7,3,4,7,3,4,0,0,0,0,0,0,0,0,0
113,私立,一般大學,1005,淡江大學學校財團法人淡江大學,學士班(日間),聖露西亞,中南美洲,7,2,5,7,2,5,0,0,0,0,0,0,0,0,0
113,私立,一般大學,1005,淡江大學學校財團法人淡江大學,學士班(日間),蒙古國,其他亞洲地區,6,4,2,6,4,2,0,0,0,0,0,0,0,0,0
113,私立,一般大學,1005,淡江大學學校財團法人淡江大學,學士班(日間),澳大利亞,其他亞洲地區,3,3,0,3,3,0,0,0,0,0,0,0,0,0,0
113,私立,一般大學,1005,淡江大學學校財團法人淡江大學,學士班(日間),澳門,港澳,29,22,7,0,0,0,0,0,0,29,22,7,0,0,0
113,私立,一般大學,1005,淡江大學學校財團法人淡江大學,學士班(日間),盧森堡大公國,歐洲,1,1,0,1,1,0,0,0,0,0,0,0,0,0,0
113,私立,一般大學,1006,中國文化大學,學士班(日間),大陸地區,大陸地區,1,0,1,0,0,0,0,0,0,0,0,0,1,0,1
113,私立,一般大學,1006,中國文化大學,學士班(日間),厄瓜多共和國,中南美洲,1,1,0,0,0,0,1,1,0,0,0,0,0,0,0
113,私立,一般大學,1006,中國文化大學,學士班(日間),日本,其他亞洲地區,68,22,46,66,20,46,2,2,0,0,0,0,0,0,0
113,私立,一般大學,1006,中國文化大學,學士班(日間),印度尼西亞共和國,東協,118,55,63,70,35,35,48,20,28,0,0,0,0,0,0
113,私立,一般大學,1006,中國文化大學,學士班(日間),香港,港澳,171,89,82,0,0,0,0,0,0,171,89,82,0,0,0
113,私立,一般大學,1006,中國文化大學,學士班(日間),新加坡共和國,東協,1,1,0,0,0,0,1,1,0,0,0,0,0,0,0
113,私立,一般大學,1006,中國文化大學,學士班(日間),聖文森(及格瑞那丁),中南美洲,1,0,1,1,0,1,0,0,0,0,0,0,0,0,0
113,私立,一般大學,1006,中國文化大學,學士班(日間),德意志聯邦共和國,歐洲,1,1,0,1,1,0,0,0,0,0,0,0,0,0,0
113,私立,一般大學,1006,中國文化大學,學士班(日間),緬甸,東協,15,5,10,11,5,6,4,0,4,0,0,0,0,0,0
113,私立,一般大學,1006,中國文化大學,學士班(日間),大韓民國(南韓),其他亞洲地區,10,4,6,8,4,4,2,0,2,0,0,0,0,0,0
113,私立,一般大學,1006,中國文化大學,學士班(日間),巴拉圭,中南美洲,1,1,0,1,1,0,0,0,0,0,0,0,0,0,0
113,私立,一般大學,1006,中國文化大學,學士班(日間),史瓦帝尼王國,非洲,1,0,1,1,0,1,0,0,0,0,0,0,0,0,0
113,私立,一般大學,1006,中國文化大學,學士班(日間),吉爾吉斯,其他亞洲地區,5,3,2,5,3,2,0,0,0,0,0,0,0,0,0
113,私立,一般大學,1006,中國文化大學,學士班(日間),坦尚尼亞聯合共和國,非洲,1,1,0,1,1,0,0,0,0,0,0,0,0,0,0
113,私立,一般大學,1006,中國文化大學,學士班(日間),奈及利亞聯邦共和國,非洲,2,1,1,2,1,1,0,0,0,0,0,0,0,0,0
113,私立,一般大學,1006,中國文化大學,學士班(日間),法國,歐洲,1,0,1,1,0,1,0,0,0,0,0,0,0,0,0
113,私立,一般大學,1006,中國文化大學,學士班(日間),俄羅斯聯邦,其他亞洲地區,6,3,3,6,3,3,0,0,0,0,0,0,0,0,0
113,私立,一般大學,1006,中國文化大學,學士班(日間),美國,北美洲,3,3,0,2,2,0,1,1,0,0,0,0,0,0,0
113,私立,一般大學,1006,中國文化大學,學士班(日間),泰國,東協,8,3,5,6,3,3,2,0,2,0,0,0,0,0,0
113,私立,一般大學,1006,中國文化大學,學士班(日間),烏茲別克共和國,其他亞洲地區,1,1,0,1,1,0,0,0,0,0,0,0,0,0,0
113,私立,一般大學,1006,中國文化大學,學士班(日間),馬來西亞,東協,216,120,96,115,75,40,101,45,56,0,0,0,0,0,0
113,私立,一般大學,1006,中國文化大學,學士班(日間),菲律賓共和國,東協,1,0,1,1,0,1,0,0,0,0,0,0,0,0,0
113,私立,一般大學,1006,中國文化大學,學士班(日間),越南社會主義共和國,東協,79,26,53,76,24,52,3,2,1,0,0,0,0,0,0
113,私立,一般大學,1006,中國文化大學,學士班(日間),蒙古國,其他亞洲地區,4,2,2,4,2,2,0,0,0,0,0,0,0,0,0
113,私立,一般大學,1006,中國文化大學,學士班(日間),澳門,港澳,13,7,6,0,0,0,0,0,0,13,7,6,0,0,0
113,私立,一般大學,1007,逢甲大學,學士班(日間),大陸地區,大陸地區,3,2,1,0,0,0,0,0,0,0,0,0,3,2,1
113,私立,一般大學,1007,逢甲大學,學士班(日間),大韓民國(南韓),其他亞洲地區,7,4,3,6,3,3,1,1,0,0,0,0,0,0,0
113,私立,一般大學,1007,逢甲大學,學士班(日間),厄瓜多共和國,中南美洲,1,1,0,0,0,0,1,1,0,0,0,0,0,0,0
113,私立,一般大學,1007,逢甲大學,學士班(日間),巴拉圭,中南美洲,1,0,1,1,0,1,0,0,0,0,0,0,0,0,0
113,私立,一般大學,1007,逢甲大學,學士班(日間),加拿大,北美洲,1,1,0,0,0,0,1,1,0,0,0,0,0,0,0
113,私立,一般大學,1007,逢甲大學,學士班(日間),印度尼西亞共和國,東協,108,62,46,74,41,33,34,21,13,0,0,0,0,0,0
113,私立,一般大學,1007,逢甲大學,學士班(日間),貝南共和國,非洲,1,0,1,1,0,1,0,0,0,0,0,0,0,0,0
113,私立,一般大學,1007,逢甲大學,學士班(日間),南非共和國,非洲,3,2,1,2,1,1,1,1,0,0,0,0,0,0,0
113,私立,一般大學,1007,逢甲大學,學士班(日間),香港,港澳,155,117,38,0,0,0,0,0,0,155,117,38,0,0,0
113,私立,一般大學,1007,逢甲大學,學士班(日間),哥倫比亞共和國,中南美洲,1,1,0,1,1,0,0,0,0,0,0,0,0,0,0
113,私立,一般大學,1007,逢甲大學,學士班(日間),越南社會主義共和國,東協,57,26,31,52,26,26,5,0,5,0,0,0,0,0,0
113,私立,一般大學,1007,逢甲大學,學士班(日間),新加坡共和國,東協,1,1,0,0,0,0,1,1,0,0,0,0,0,0,0
113,私立,一般大學,1007,逢甲大學,學士班(日間),聖文森(及格瑞那丁),中南美洲,1,1,0,1,1,0,0,0,0,0,0,0,0,0,0
113,私立,一般大學,1007,逢甲大學,學士班(日間),葡萄牙共和國,歐洲,1,1,0,1,1,0,0,0,0,0,0,0,0,0,0
113,私立,一般大學,1007,逢甲大學,學士班(日間),德意志聯邦共和國,歐洲,1,1,0,1,1,0,0,0,0,0,0,0,0,0,0
113,私立,一般大學,1007,逢甲大學,學士班(日間),緬甸,東協,2,1,1,1,0,1,1,1,0,0,0,0,0,0,0
113,私立,一般大學,1007,逢甲大學,學士班(日間),澳門,港澳,13,11,2,0,0,0,0,0,0,13,11,2,0,0,0
113,私立,一般大學,1007,逢甲大學,學士班(日間),巴西聯邦共和國,中南美洲,2,1,1,0,0,0,2,1,1,0,0,0,0,0,0
113,私立,一般大學,1007,逢甲大學,學士班(日間),日本,其他亞洲地區,147,69,78,145,68,77,2,1,1,0,0,0,0,0,0
113,私立,一般大學,1007,逢甲大學,學士班(日間),奈及利亞聯邦共和國,非洲,1,0,1,1,0,1,0,0,0,0,0,0,0,0,0
113,私立,一般大學,1007,逢甲大學,學士班(日間),委內瑞拉共和國,中南美洲,1,1,0,0,0,0,1,1,0,0,0,0,0,0,0
113,私立,一般大學,1007,逢甲大學,學士班(日間),法國,歐洲,3,3,0,3,3,0,0,0,0,0,0,0,0,0,0
113,私立,一般大學,1007,逢甲大學,學士班(日間),俄羅斯聯邦,其他亞洲地區,5,1,4,5,1,4,0,0,0,0,0,0,0,0,0
113,私立,一般大學,1007,逢甲大學,學士班(日間),柬埔寨王國,東協,1,0,1,0,0,0,1,0,1,0,0,0,0,0,0
113,私立,一般大學,1007,逢甲大學,學士班(日間),美國,北美洲,4,3,1,2,1,1,2,2,0,0,0,0,0,0,0
113,私立,一般大學,1007,逢甲大學,學士班(日間),泰國,東協,35,11,24,31,9,22,4,2,2,0,0,0,0,0,0
113,私立,一般大學,1007,逢甲大學,學士班(日間),索馬利蘭共和國,非洲,2,1,1,2,1,1,0,0,0,0,0,0,0,0,0
113,私立,一般大學,1007,逢甲大學,學士班(日間),馬來西亞,東協,131,84,47,22,14,8,109,70,39,0,0,0,0,0,0
113,私立,一般大學,1007,逢甲大學,學士班(日間),菲律賓共和國,東協,5,1,4,3,1,2,2,0,2,0,0,0,0,0,0
113,私立,一般大學,1007,逢甲大學,學士班(日間),塔吉克共和國,其他亞洲地區,1,0,1,1,0,1,0,0,0,0,0,0,0,0,0
113,私立,一般大學,1007,逢甲大學,學士班(日間),義大利共和國,歐洲,1,1,0,1,1,0,0,0,0,0,0,0,0,0,0
113,私立,一般大學,1007,逢甲大學,學士班(日間),墨西哥合眾國,中南美洲,1,1,0,1,1,0,0,0,0,0,0,0,0,0,0
113,私立,一般大學,1007,逢甲大學,學士班(日間),澳大利亞,其他亞洲地區,1,1,0,0,0,0,1,1,0,0,0,0,0,0,0
113,私立,一般大學,1008,靜宜大學,學士班(日間),日本,其他亞洲地區,69,23,46,69,23,46,0,0,0,0,0,0,0,0,0
113,私立,一般大學,1008,靜宜大學,學士班(日間),印度,南亞,3,2,1,3,2,1,0,0,0,0,0,0,0,0,0
113,私立,一般大學,1008,靜宜大學,學士班(日間),奈及利亞聯邦共和國,非洲,1,1,0,1,1,0,0,0,0,0,0,0,0,0,0
113,私立,一般大學,1008,靜宜大學,學士班(日間),阿曼王國,其他亞洲地區,2,0,2,2,0,2,0,0,0,0,0,0,0,0,0
113,私立,一般大學,1008,靜宜大學,學士班(日間),香港,港澳,38,22,16,0,0,0,0,0,0,38,22,16,0,0,0
113,私立,一般大學,1008,靜宜大學,學士班(日間),秘魯共和國,中南美洲,3,1,2,3,1,2,0,0,0,0,0,0,0,0,0
113,私立,一般大學,1008,靜宜大學,學士班(日間),斯洛伐克共和國,歐洲,1,0,1,1,0,1,0,0,0,0,0,0,0,0,0
113,私立,一般大學,1008,靜宜大學,學士班(日間),智利,中南美洲,3,1,2,3,1,2,0,0,0,0,0,0,0,0,0
113,私立,一般大學,1008,靜宜大學,學士班(日間),緬甸,東協,5,2,3,0,0,0,5,2,3,0,0,0,0,0,0
113,私立,一般大學,1008,靜宜大學,學士班(日間),澳門,港澳,4,2,2,0,0,0,0,0,0,4,2,2,0,0,0
113,私立,一般大學,1008,靜宜大學,學士班(日間),大韓民國(南韓),其他亞洲地區,3,1,2,2,1,1,1,0,1,0,0,0,0,0,0
113,私立,一般大學,1008,靜宜大學,學士班(日間),史瓦帝尼王國,非洲,23,12,11,23,12,11,0,0,0,0,0,0,0,0,0
113,私立,一般大學,1008,靜宜大學,學士班(日間),印度尼西亞共和國,東協,74,32,42,60,28,32,14,4,10,0,0,0,0,0,0
113,私立,一般大學,1008,靜宜大學,學士班(日間),俄羅斯聯邦,其他亞洲地區,2,1,1,2,1,1,0,0,0,0,0,0,0,0,0
113,私立,一般大學,1008,靜宜大學,學士班(日間),泰國,東協,15,4,11,14,4,10,1,0,1,0,0,0,0,0,0
113,私立,一般大學,1008,靜宜大學,學士班(日間),烏干達共和國,非洲,6,2,4,6,2,4,0,0,0,0,0,0,0,0,0
113,私立,一般大學,1008,靜宜大學,學士班(日間),馬來西亞,東協,102,59,43,74,44,30,28,15,13,0,0,0,0,0,0
113,私立,一般大學,1008,靜宜大學,學士班(日間),菲律賓共和國,東協,3,3,0,3,3,0,0,0,0,0,0,0,0,0,0
113,私立,一般大學,1008,靜宜大學,學士班(日間),越南社會主義共和國,東協,294,80,214,289,76,213,5,4,1,0,0,0,0,0,0
113,私立,一般大學,1008,靜宜大學,學士班(日間),義大利共和國,歐洲,2,1,1,2,1,1,0,0,0,0,0,0,0,0,0
113,私立,一般大學,1008,靜宜大學,學士班(日間),蒙古國,其他亞洲地區,4,1,3,4,1,3,0,0,0,0,0,0,0,0,0
113,私立,一般大學,1008,靜宜大學,學士班(日間),墨西哥合眾國,中南美洲,1,1,0,1,1,0,0,0,0,0,0,0,0,0,0
113,私立,一般大學,1008,靜宜大學,學士班(日間),賴索托王國,非洲,1,0,1,1,0,1,0,0,0,0,0,0,0,0,0
113,私立,一般大學,1014,義守大學,學士班(日間),大韓民國(南韓),其他亞洲地區,4,3,1,1,1,0,3,2,1,0,0,0,0,0,0
113,私立,一般大學,1014,義守大學,學士班(日間),巴拉圭,中南美洲,1,1,0,1,1,0,0,0,0,0,0,0,0,0,0
113,私立,一般大學,1014,義守大學,學士班(日間),加拿大,北美洲,1,1,0,0,0,0,1,1,0,0,0,0,0,0,0
113,私立,一般大學,1014,義守大學,學士班(日間),尼泊爾聯邦民主共和國,南亞,1,1,0,1,1,0,0,0,0,0,0,0,0,0,0
113,私立,一般大學,1014,義守大學,學士班(日間),瓜地馬拉共和國,中南美洲,1,0,1,1,0,1,0,0,0,0,0,0,0,0,0
113,私立,一般大學,1014,義守大學,學士班(日間),印度,南亞,2,0,2,2,0,2,0,0,0,0,0,0,0,0,0
113,私立,一般大學,1014,義守大學,學士班(日間),印度尼西亞共和國,東協,243,103,140,191,87,104,52,16,36,0,0,0,0,0,0
113,私立,一般大學,1014,義守大學,學士班(日間),吉爾吉斯,其他亞洲地區,18,7,11,18,7,11,0,0,0,0,0,0,0,0,0
113,私立,一般大學,1014,義守大學,學士班(日間),宏都拉斯共和國,中南美洲,6,4,2,6,4,2,0,0,0,0,0,0,0,0,0
113,私立,一般大學,1014,義守大學,學士班(日間),帛琉共和國,其他亞洲地區,1,1,0,1,1,0,0,0,0,0,0,0,0,0,0
113,私立,一般大學,1014,義守大學,學士班(日間),肯亞共和國,非洲,1,1,0,1,1,0,0,0,0,0,0,0,0,0,0
113,私立,一般大學,1014,義守大學,學士班(日間),俄羅斯聯邦,其他亞洲地區,2,1,1,2,1,1,0,0,0,0,0,0,0,0,0
113,私立,一般大學,1014,義守大學,學士班(日間),南非共和國,非洲,2,1,1,2,1,1,0,0,0,0,0,0,0,0,0
113,私立,一般大學,1014,義守大學,學士班(日間),香港,港澳,252,153,99,0,0,0,0,0,0,252,153,99,0,0,0
113,私立,一般大學,1014,義守大學,學士班(日間),馬來西亞,東協,89,57,32,42,26,16,47,31,16,0,0,0,0,0,0
113,私立,一般大學,1014,義守大學,學士班(日間),菲律賓共和國,東協,40,20,20,40,20,20,0,0,0,0,0,0,0,0,0
113,私立,一般大學,1014,義守大學,學士班(日間),越南社會主義共和國,東協,318,115,203,317,115,202,1,0,1,0,0,0,0,0,0
113,私立,一般大學,1014,義守大學,學士班(日間),新加坡共和國,東協,2,0,2,2,0,2,0,0,0,0,0,0,0,0,0
113,私立,一般大學,1014,義守大學,學士班(日間),聖文森(及格瑞那丁),中南美洲,6,1,5,6,1,5,0,0,0,0,0,0,0,0,0
113,私立,一般大學,1014,義守大學,學士班(日間),聖克里斯多福及尼維斯,中南美洲,4,0,4,4,0,4,0,0,0,0,0,0,0,0,0
113,私立,一般大學,1014,義守大學,學士班(日間),聖露西亞,中南美洲,25,6,19,25,6,19,0,0,0,0,0,0,0,0,0
113,私立,一般大學,1014,義守大學,學士班(日間),蒙古國,其他亞洲地區,12,7,5,12,7,5,0,0,0,0,0,0,0,0,0
113,私立,一般大學,1014,義守大學,學士班(日間),摩洛哥王國,非洲,1,0,1,1,0,1,0,0,0,0,0,0,0,0,0
113,私立,一般大學,1014,義守大學,學士班(日間),澳門,港澳,27,19,8,0,0,0,0,0,0,27,19,8,0,0,0
113,私立,一般大學,1014,義守大學,學士班(日間),日本,其他亞洲地區,105,39,66,105,39,66,0,0,0,0,0,0,0,0,0
113,私立,一般大學,1014,義守大學,學士班(日間),史瓦帝尼王國,非洲,7,2,5,7,2,5,0,0,0,0,0,0,0,0,0
113,私立,一般大學,1014,義守大學,學士班(日間),尼加拉瓜,中南美洲,1,0,1,1,0,1,0,0,0,0,0,0,0,0,0
113,私立,一般大學,1014,義守大學,學士班(日間),吐瓦魯,其他亞洲地區,1,1,0,1,1,0,0,0,0,0,0,0,0,0,0
113,私立,一般大學,1014,義守大學,學士班(日間),西班牙王國,歐洲,1,1,0,1,1,0,0,0,0,0,0,0,0,0,0
113,私立,一般大學,1014,義守大學,學士班(日間),貝里斯,中南美洲,21,8,13,21,8,13,0,0,0,0,0,0,0,0,0
113,私立,一般大學,1014,義守大學,學士班(日間),奈及利亞聯邦共和國,非洲,1,0,1,1,0,1,0,0,0,0,0,0,0,0,0
113,私立,一般大學,1014,義守大學,學士班(日間),美國,北美洲,3,1,2,3,1,2,0,0,0,0,0,0,0,0,0
113,私立,一般大學,1014,義守大學,學士班(日間),泰國,東協,84,36,48,84,36,48,0,0,0,0,0,0,0,0,0
113,私立,一般大學,1014,義守大學,學士班(日間),海地共和國,中南美洲,1,1,0,1,1,0,0,0,0,0,0,0,0,0,0
113,私立,一般大學,1014,義守大學,學士班(日間),馬紹爾群島共和國,其他亞洲地區,1,1,0,1,1,0,0,0,0,0,0,0,0,0,0
113,私立,一般大學,1014,義守大學,學士班(日間),象牙海岸共和國,非洲,1,1,0,1,1,0,0,0,0,0,0,0,0,0,0
113,私立,一般大學,1014,義守大學,學士班(日間),塔吉克共和國,其他亞洲地區,1,1,0,1,1,0,0,0,0,0,0,0,0,0,0
113,私立,一般大學,1016,銘傳大學,學士班(日間),巴布亞紐幾內亞獨立國,其他亞洲地區,2,0,2,2,0,2,0,0,0,0,0,0,0,0,0
113,私立,一般大學,1016,銘傳大學,學士班(日間),巴勒斯坦,其他亞洲地區,1,1,0,1,1,0,0,0,0,0,0,0,0,0,0
113,私立,一般大學,1016,銘傳大學,學士班(日間),日本,其他亞洲地區,62,15,47,62,15,47,0,0,0,0,0,0,0,0,0
113,私立,一般大學,1016,銘傳大學,學士班(日間),以色列,其他亞洲地區,1,1,0,1,1,0,0,0,0,0,0,0,0,0,0
113,私立,一般大學,1016,銘傳大學,學士班(日間),加拿大,北美洲,2,1,1,2,1,1,0,0,0,0,0,0,0,0,0
113,私立,一般大學,1016,銘傳大學,學士班(日間),史瓦帝尼王國,非洲,13,4,9,13,4,9,0,0,0,0,0,0,0,0,0
113,私立,一般大學,1016,銘傳大學,學士班(日間),印度尼西亞共和國,東協,240,96,144,138,59,79,102,37,65,0,0,0,0,0,0
113,私立,一般大學,1016,銘傳大學,學士班(日間),西班牙王國,歐洲,1,0,1,1,0,1,0,0,0,0,0,0,0,0,0
113,私立,一般大學,1016,銘傳大學,學士班(日間),波蘭共和國,歐洲,1,0,1,1,0,1,0,0,0,0,0,0,0,0,0
113,私立,一般大學,1016,銘傳大學,學士班(日間),法國,歐洲,1,1,0,1,1,0,0,0,0,0,0,0,0,0,0
113,私立,一般大學,1016,銘傳大學,學士班(日間),阿根廷,中南美洲,1,1,0,1,1,0,0,0,0,0,0,0,0,0,0
113,私立,一般大學,1016,銘傳大學,學士班(日間),南非共和國,非洲,4,4,0,4,4,0,0,0,0,0,0,0,0,0,0
113,私立,一般大學,1016,銘傳大學,學士班(日間),美國,北美洲,17,12,5,16,11,5,1,1,0,0,0,0,0,0,0
113,私立,一般大學,1016,銘傳大學,學士班(日間),泰國,東協,80,22,58,73,17,56,7,5,2,0,0,0,0,0,0
113,私立,一般大學,1016,銘傳大學,學士班(日間),越南社會主義共和國,東協,610,188,422,594,180,414,16,8,8,0,0,0,0,0,0
113,私立,一般大學,1016,銘傳大學,學士班(日間),愛爾蘭共和國,歐洲,1,1,0,1,1,0,0,0,0,0,0,0,0,0,0
113,私立,一般大學,1016,銘傳大學,學士班(日間),瑞典王國,歐洲,1,0,1,1,0,1,0,0,0,0,0,0,0,0,0
113,私立,一般大學,1016,銘傳大學,學士班(日間),寮人民民主共和國(寮國),東協,1,0,1,1,0,1,0,0,0,0,0,0,0,0,0
113,私立,一般大學,1016,銘傳大學,學士班(日間),緬甸,東協,16,5,11,0,0,0,16,5,11,0,0,0,0,0,0
113,私立,一般大學,1016,銘傳大學,學士班(日間),澳門,港澳,34,17,17,0,0,0,0,0,0,34,17,17,0,0,0
113,私立,一般大學,1016,銘傳大學,學士班(日間),大陸地區,大陸地區,3,2,1,0,0,0,0,0,0,0,0,0,3,2,1
113,私立,一般大學,1016,銘傳大學,學士班(日間),大韓民國(南韓),其他亞洲地區,4,1,3,4,1,3,0,0,0,0,0,0,0,0,0
113,私立,一般大學,1016,銘傳大學,學士班(日間),厄瓜多共和國,中南美洲,3,1,2,3,1,2,0,0,0,0,0,0,0,0,0
113,私立,一般大學,1016,銘傳大學,學士班(日間),巴西聯邦共和國,中南美洲,2,0,2,1,0,1,1,0,1,0,0,0,0,0,0
113,私立,一般大學,1016,銘傳大學,學士班(日間),巴拉圭,中南美洲,14,7,7,14,7,7,0,0,0,0,0,0,0,0,0
113,私立,一般大學,1016,銘傳大學,學士班(日間),巴林,其他亞洲地區,1,1,0,1,1,0,0,0,0,0,0,0,0,0,0
113,私立,一般大學,1016,銘傳大學,學士班(日間),尼加拉瓜,中南美洲,2,2,0,2,2,0,0,0,0,0,0,0,0,0,0
113,私立,一般大學,1016,銘傳大學,學士班(日間),瓜地馬拉共和國,中南美洲,11,4,7,11,4,7,0,0,0,0,0,0,0,0,0
113,私立,一般大學,1016,銘傳大學,學士班(日間),印度,南亞,6,3,3,6,3,3,0,0,0,0,0,0,0,0,0
113,私立,一般大學,1016,銘傳大學,學士班(日間),吐瓦魯,其他亞洲地區,7,1,6,7,1,6,0,0,0,0,0,0,0,0,0
113,私立,一般大學,1016,銘傳大學,學士班(日間),宏都拉斯共和國,中南美洲,7,3,4,7,3,4,0,0,0,0,0,0,0,0,0
113,私立,一般大學,1016,銘傳大學,學士班(日間),貝里斯,中南美洲,12,2,10,12,2,10,0,0,0,0,0,0,0,0,0
113,私立,一般大學,1016,銘傳大學,學士班(日間),帛琉共和國,其他亞洲地區,15,8,7,15,8,7,0,0,0,0,0,0,0,0,0
113,私立,一般大學,1016,銘傳大學,學士班(日間),俄羅斯聯邦,其他亞洲地區,2,1,1,2,1,1,0,0,0,0,0,0,0,0,0
113,私立,一般大學,1016,銘傳大學,學士班(日間),英國,歐洲,1,1,0,1,1,0,0,0,0,0,0,0,0,0,0
113,私立,一般大學,1016,銘傳大學,學士班(日間),香港,港澳,246,105,141,0,0,0,0,0,0,246,105,141,0,0,0
113,私立,一般大學,1016,銘傳大學,學士班(日間),海地共和國,中南美洲,4,2,2,4,2,2,0,0,0,0,0,0,0,0,0
113,私立,一般大學,1016,銘傳大學,學士班(日間),秘魯共和國,中南美洲,4,1,3,4,1,3,0,0,0,0,0,0,0,0,0
113,私立,一般大學,1016,銘傳大學,學士班(日間),馬來西亞,東協,469,204,265,200,98,102,269,106,163,0,0,0,0,0,0
113,私立,一般大學,1016,銘傳大學,學士班(日間),馬紹爾群島共和國,其他亞洲地區,6,2,4,6,2,4,0,0,0,0,0,0,0,0,0
113,私立,一般大學,1016,銘傳大學,學士班(日間),菲律賓共和國,東協,10,1,9,10,1,9,0,0,0,0,0,0,0,0,0
113,私立,一般大學,1016,銘傳大學,學士班(日間),新加坡共和國,東協,2,0,2,1,0,1,1,0,1,0,0,0,0,0,0
113,私立,一般大學,1016,銘傳大學,學士班(日間),義大利共和國,歐洲,3,2,1,2,2,0,1,0,1,0,0,0,0,0,0
113,私立,一般大學,1016,銘傳大學,學士班(日間),聖文森(及格瑞那丁),中南美洲,13,5,8,13,5,8,0,0,0,0,0,0,0,0,0
113,私立,一般大學,1016,銘傳大學,學士班(日間),聖克里斯多福及尼維斯,中南美洲,9,6,3,9,6,3,0,0,0,0,0,0,0,0,0
113,私立,一般大學,1016,銘傳大學,學士班(日間),聖露西亞,中南美洲,9,3,6,9,3,6,0,0,0,0,0,0,0,0,0
113,私立,一般大學,1016,銘傳大學,學士班(日間),蒙古國,其他亞洲地區,12,5,7,12,5,7,0,0,0,0,0,0,0,0,0
113,私立,一般大學,1016,銘傳大學,學士班(日間),薩爾瓦多,中南美洲,1,0,1,1,0,1,0,0,0,0,0,0,0,0,0
114,私立,一般大學,1005,淡江大學學校財團法人淡江大學,學士班(日間),巴西聯邦共和國,中南美洲,1,0,1,0,0,0,1,0,1,0,0,0,0,0,0
114,私立,一般大學,1005,淡江大學學校財團法人淡江大學,學士班(日間),巴拉圭,中南美洲,35,19,16,34,18,16,1,1,0,0,0,0,0,0,0
114,私立,一般大學,1005,淡江大學學校財團法人淡江大學,學士班(日間),史瓦帝尼王國,非洲,7,2,5,7,2,5,0,0,0,0,0,0,0,0,0
114,私立,一般大學,1005,淡江大學學校財團法人淡江大學,學士班(日間),瓜地馬拉共和國,中南美洲,21,9,12,21,9,12,0,0,0,0,0,0,0,0,0
114,私立,一般大學,1005,淡江大學學校財團法人淡江大學,學士班(日間),匈牙利共和國,歐洲,1,1,0,1,1,0,0,0,0,0,0,0,0,0,0
114,私立,一般大學,1005,淡江大學學校財團法人淡江大學,學士班(日間),吉里巴斯共和國,其他亞洲地區,1,1,0,1,1,0,0,0,0,0,0,0,0,0,0
114,私立,一般大學,1005,淡江大學學校財團法人淡江大學,學士班(日間),多明尼加共和國,中南美洲,1,0,1,0,0,0,1,0,1,0,0,0,0,0,0
114,私立,一般大學,1005,淡江大學學校財團法人淡江大學,學士班(日間),帛琉共和國,其他亞洲地區,11,6,5,11,6,5,0,0,0,0,0,0,0,0,0
114,私立,一般大學,1005,淡江大學學校財團法人淡江大學,學士班(日間),俄羅斯聯邦,其他亞洲地區,10,5,5,10,5,5,0,0,0,0,0,0,0,0,0
114,私立,一般大學,1005,淡江大學學校財團法人淡江大學,學士班(日間),柬埔寨王國,東協,1,1,0,0,0,0,1,1,0,0,0,0,0,0,0
114,私立,一般大學,1005,淡江大學學校財團法人淡江大學,學士班(日間),約旦哈什米王國,其他亞洲地區,1,1,0,0,0,0,1,1,0,0,0,0,0,0,0
114,私立,一般大學,1005,淡江大學學校財團法人淡江大學,學士班(日間),美國,北美洲,10,7,3,7,5,2,3,2,1,0,0,0,0,0,0
114,私立,一般大學,1005,淡江大學學校財團法人淡江大學,學士班(日間),英國,歐洲,1,1,0,1,1,0,0,0,0,0,0,0,0,0,0
114,私立,一般大學,1005,淡江大學學校財團法人淡江大學,學士班(日間),泰國,東協,36,14,22,36,14,22,0,0,0,0,0,0,0,0,0
114,私立,一般大學,1005,淡江大學學校財團法人淡江大學,學士班(日間),烏茲別克共和國,其他亞洲地區,1,1,0,1,1,0,0,0,0,0,0,0,0,0,0
114,私立,一般大學,1005,淡江大學學校財團法人淡江大學,學士班(日間),馬來西亞,東協,86,57,29,7,4,3,79,53,26,0,0,0,0,0,0
114,私立,一般大學,1005,淡江大學學校財團法人淡江大學,學士班(日間),菲律賓共和國,東協,8,3,5,6,2,4,2,1,1,0,0,0,0,0,0
114,私立,一般大學,1005,淡江大學學校財團法人淡江大學,學士班(日間),越南社會主義共和國,東協,146,60,86,127,52,75,19,8,11,0,0,0,0,0,0
114,私立,一般大學,1005,淡江大學學校財團法人淡江大學,學士班(日間),奧地利共和國,歐洲,1,0,1,0,0,0,1,0,1,0,0,0,0,0,0
114,私立,一般大學,1005,淡江大學學校財團法人淡江大學,學士班(日間),聖露西亞,中南美洲,15,7,8,15,7,8,0,0,0,0,0,0,0,0,0
114,私立,一般大學,1005,淡江大學學校財團法人淡江大學,學士班(日間),蒙古國,其他亞洲地區,9,5,4,9,5,4,0,0,0,0,0,0,0,0,0
114,私立,一般大學,1005,淡江大學學校財團法人淡江大學,學士班(日間),墨西哥合眾國,中南美洲,2,2,0,0,0,0,2,2,0,0,0,0,0,0,0
114,私立,一般大學,1005,淡江大學學校財團法人淡江大學,學士班(日間),澳大利亞,其他亞洲地區,2,2,0,2,2,0,0,0,0,0,0,0,0,0,0
114,私立,一般大學,1005,淡江大學學校財團法人淡江大學,學士班(日間),盧森堡大公國,歐洲,1,1,0,1,1,0,0,0,0,0,0,0,0,0,0
114,私立,一般大學,1005,淡江大學學校財團法人淡江大學,學士班(日間),大陸地區,大陸地區,1,1,0,0,0,0,0,0,0,0,0,0,1,1,0
114,私立,一般大學,1005,淡江大學學校財團法人淡江大學,學士班(日間),大韓民國(南韓),其他亞洲地區,8,7,1,7,7,0,1,0,1,0,0,0,0,0,0
114,私立,一般大學,1005,淡江大學學校財團法人淡江大學,學士班(日間),厄瓜多共和國,中南美洲,1,1,0,0,0,0,1,1,0,0,0,0,0,0,0
114,私立,一般大學,1005,淡江大學學校財團法人淡江大學,學士班(日間),巴拿馬共和國,中南美洲,1,0,1,0,0,0,1,0,1,0,0,0,0,0,0
114,私立,一般大學,1005,淡江大學學校財團法人淡江大學,學士班(日間),日本,其他亞洲地區,99,38,61,91,34,57,8,4,4,0,0,0,0,0,0
114,私立,一般大學,1005,淡江大學學校財團法人淡江大學,學士班(日間),加拿大,北美洲,2,2,0,2,2,0,0,0,0,0,0,0,0,0,0
114,私立,一般大學,1005,淡江大學學校財團法人淡江大學,學士班(日間),甘比亞共和國,非洲,1,0,1,1,0,1,0,0,0,0,0,0,0,0,0
114,私立,一般大學,1005,淡江大學學校財團法人淡江大學,學士班(日間),伊朗伊斯蘭共和國,其他亞洲地區,1,1,0,1,1,0,0,0,0,0,0,0,0,0,0
114,私立,一般大學,1005,淡江大學學校財團法人淡江大學,學士班(日間),印度,南亞,7,4,3,7,4,3,0,0,0,0,0,0,0,0,0
114,私立,一般大學,1005,淡江大學學校財團法人淡江大學,學士班(日間),印度尼西亞共和國,東協,399,255,144,191,125,66,208,130,78,0,0,0,0,0,0
114,私立,一般大學,1005,淡江大學學校財團法人淡江大學,學士班(日間),吐瓦魯,其他亞洲地區,7,2,5,7,2,5,0,0,0,0,0,0,0,0,0
114,私立,一般大學,1005,淡江大學學校財團法人淡江大學,學士班(日間),宏都拉斯共和國,中南美洲,2,2,0,2,2,0,0,0,0,0,0,0,0,0,0
114,私立,一般大學,1005,淡江大學學校財團法人淡江大學,學士班(日間),沙烏地阿拉伯王國,其他亞洲地區,1,1,0,0,0,0,1,1,0,0,0,0,0,0,0
114,私立,一般大學,1005,淡江大學學校財團法人淡江大學,學士班(日間),貝里斯,中南美洲,10,4,6,9,3,6,1,1,0,0,0,0,0,0,0
114,私立,一般大學,1005,淡江大學學校財團法人淡江大學,學士班(日間),亞美尼亞共和國,其他亞洲地區,1,0,1,1,0,1,0,0,0,0,0,0,0,0,0
114,私立,一般大學,1005,淡江大學學校財團法人淡江大學,學士班(日間),南非共和國,非洲,4,3,1,2,2,0,2,1,1,0,0,0,0,0,0
114,私立,一般大學,1005,淡江大學學校財團法人淡江大學,學士班(日間),香港,港澳,163,107,56,0,0,0,0,0,0,163,107,56,0,0,0
114,私立,一般大學,1005,淡江大學學校財團法人淡江大學,學士班(日間),哥斯大黎加共和國,中南美洲,1,0,1,0,0,0,1,0,1,0,0,0,0,0,0
114,私立,一般大學,1005,淡江大學學校財團法人淡江大學,學士班(日間),海地共和國,中南美洲,19,9,10,19,9,10,0,0,0,0,0,0,0,0,0
114,私立,一般大學,1005,淡江大學學校財團法人淡江大學,學士班(日間),索羅門群島,其他亞洲地區,1,1,0,1,1,0,0,0,0,0,0,0,0,0,0
114,私立,一般大學,1005,淡江大學學校財團法人淡江大學,學士班(日間),馬紹爾群島共和國,其他亞洲地區,16,8,8,16,8,8,0,0,0,0,0,0,0,0,0
114,私立,一般大學,1005,淡江大學學校財團法人淡江大學,學士班(日間),密克羅尼西亞聯邦,其他亞洲地區,1,1,0,1,1,0,0,0,0,0,0,0,0,0,0
114,私立,一般大學,1005,淡江大學學校財團法人淡江大學,學士班(日間),斐濟群島共和國,其他亞洲地區,1,0,1,1,0,1,0,0,0,0,0,0,0,0,0
114,私立,一般大學,1005,淡江大學學校財團法人淡江大學,學士班(日間),聖文森(及格瑞那丁),中南美洲,4,1,3,4,1,3,0,0,0,0,0,0,0,0,0
114,私立,一般大學,1005,淡江大學學校財團法人淡江大學,學士班(日間),聖克里斯多福及尼維斯,中南美洲,11,3,8,11,3,8,0,0,0,0,0,0,0,0,0
114,私立,一般大學,1005,淡江大學學校財團法人淡江大學,學士班(日間),葡萄牙共和國,歐洲,2,0,2,0,0,0,2,0,2,0,0,0,0,0,0
114,私立,一般大學,1005,淡江大學學校財團法人淡江大學,學士班(日間),德意志聯邦共和國,歐洲,2,0,2,0,0,0,2,0,2,0,0,0,0,0,0
114,私立,一般大學,1005,淡江大學學校財團法人淡江大學,學士班(日間),緬甸,東協,11,6,5,3,3,0,8,3,5,0,0,0,0,0,0
114,私立,一般大學,1005,淡江大學學校財團法人淡江大學,學士班(日間),澳門,港澳,22,17,5,0,0,0,0,0,0,22,17,5,0,0,0
114,私立,一般大學,1006,中國文化大學,學士班(日間),巴拉圭,中南美洲,1,1,0,1,1,0,0,0,0,0,0,0,0,0,0
114,私立,一般大學,1006,中國文化大學,學士班(日間),史瓦帝尼王國,非洲,1,0,1,1,0,1,0,0,0,0,0,0,0,0,0
114,私立,一般大學,1006,中國文化大學,學士班(日間),印度尼西亞共和國,東協,103,47,56,48,25,23,55,22,33,0,0,0,0,0,0
114,私立,一般大學,1006,中國文化大學,學士班(日間),坦尚尼亞聯合共和國,非洲,1,1,0,1,1,0,0,0,0,0,0,0,0,0,0
114,私立,一般大學,1006,中國文化大學,學士班(日間),法國,歐洲,1,0,1,1,0,1,0,0,0,0,0,0,0,0,0
114,私立,一般大學,1006,中國文化大學,學士班(日間),俄羅斯聯邦,其他亞洲地區,3,2,1,3,2,1,0,0,0,0,0,0,0,0,0
114,私立,一般大學,1006,中國文化大學,學士班(日間),南蘇丹共和國,非洲,2,2,0,2,2,0,0,0,0,0,0,0,0,0,0
114,私立,一般大學,1006,中國文化大學,學士班(日間),泰國,東協,8,2,6,7,2,5,1,0,1,0,0,0,0,0,0
114,私立,一般大學,1006,中國文化大學,學士班(日間),烏茲別克共和國,其他亞洲地區,1,1,0,1,1,0,0,0,0,0,0,0,0,0,0
114,私立,一般大學,1006,中國文化大學,學士班(日間),越南社會主義共和國,東協,571,183,388,560,176,384,11,7,4,0,0,0,0,0,0
114,私立,一般大學,1006,中國文化大學,學士班(日間),瑞典王國,歐洲,1,1,0,1,1,0,0,0,0,0,0,0,0,0,0
114,私立,一般大學,1006,中國文化大學,學士班(日間),澳門,港澳,10,4,6,0,0,0,0,0,0,10,4,6,0,0,0
114,私立,一般大學,1006,中國文化大學,學士班(日間),大陸地區,大陸地區,2,0,2,0,0,0,0,0,0,0,0,0,2,0,2
114,私立,一般大學,1006,中國文化大學,學士班(日間),大韓民國(南韓),其他亞洲地區,9,2,7,5,1,4,4,1,3,0,0,0,0,0,0
114,私立,一般大學,1006,中國文化大學,學士班(日間),厄瓜多共和國,中南美洲,1,1,0,0,0,0,1,1,0,0,0,0,0,0,0
114,私立,一般大學,1006,中國文化大學,學士班(日間),日本,其他亞洲地區,64,18,46,62,16,46,2,2,0,0,0,0,0,0,0
114,私立,一般大學,1006,中國文化大學,學士班(日間),尼泊爾聯邦民主共和國,南亞,4,2,2,4,2,2,0,0,0,0,0,0,0,0,0
114,私立,一般大學,1006,中國文化大學,學士班(日間),吉爾吉斯,其他亞洲地區,5,4,1,5,4,1,0,0,0,0,0,0,0,0,0
114,私立,一般大學,1006,中國文化大學,學士班(日間),奈及利亞聯邦共和國,非洲,1,0,1,1,0,1,0,0,0,0,0,0,0,0,0
114,私立,一般大學,1006,中國文化大學,學士班(日間),美國,北美洲,2,2,0,1,1,0,1,1,0,0,0,0,0,0,0
114,私立,一般大學,1006,中國文化大學,學士班(日間),香港,港澳,119,67,52,0,0,0,0,0,0,119,67,52,0,0,0
114,私立,一般大學,1006,中國文化大學,學士班(日間),馬來西亞,東協,187,99,88,90,55,35,97,44,53,0,0,0,0,0,0
114,私立,一般大學,1006,中國文化大學,學士班(日間),蒙古國,其他亞洲地區,6,5,1,6,5,1,0,0,0,0,0,0,0,0,0
114,私立,一般大學,1006,中國文化大學,學士班(日間),德意志聯邦共和國,歐洲,1,1,0,1,1,0,0,0,0,0,0,0,0,0,0
114,私立,一般大學,1006,中國文化大學,學士班(日間),緬甸,東協,28,10,18,19,7,12,9,3,6,0,0,0,0,0,0
114,私立,一般大學,1007,逢甲大學,學士班(日間),日本,其他亞洲地區,128,58,70,126,56,70,2,2,0,0,0,0,0,0,0
114,私立,一般大學,1007,逢甲大學,學士班(日間),比利時王國,歐洲,1,1,0,1,1,0,0,0,0,0,0,0,0,0,0
114,私立,一般大學,1007,逢甲大學,學士班(日間),瓜地馬拉共和國,中南美洲,1,1,0,1,1,0,0,0,0,0,0,0,0,0,0
114,私立,一般大學,1007,逢甲大學,學士班(日間),貝里斯,中南美洲,1,1,0,1,1,0,0,0,0,0,0,0,0,0,0
114,私立,一般大學,1007,逢甲大學,學士班(日間),奈及利亞聯邦共和國,非洲,1,0,1,1,0,1,0,0,0,0,0,0,0,0,0
114,私立,一般大學,1007,逢甲大學,學士班(日間),委內瑞拉共和國,中南美洲,1,1,0,0,0,0,1,1,0,0,0,0,0,0,0
114,私立,一般大學,1007,逢甲大學,學士班(日間),帛琉共和國,其他亞洲地區,1,0,1,1,0,1,0,0,0,0,0,0,0,0,0
114,私立,一般大學,1007,逢甲大學,學士班(日間),波蘭共和國,歐洲,1,1,0,1,1,0,0,0,0,0,0,0,0,0,0
114,私立,一般大學,1007,逢甲大學,學士班(日間),法國,歐洲,5,3,2,5,3,2,0,0,0,0,0,0,0,0,0
114,私立,一般大學,1007,逢甲大學,學士班(日間),俄羅斯聯邦,其他亞洲地區,5,1,4,5,1,4,0,0,0,0,0,0,0,0,0
114,私立,一般大學,1007,逢甲大學,學士班(日間),美國,北美洲,4,3,1,2,1,1,2,2,0,0,0,0,0,0,0
114,私立,一般大學,1007,逢甲大學,學士班(日間),泰國,東協,34,11,23,30,9,21,4,2,2,0,0,0,0,0,0
114,私立,一般大學,1007,逢甲大學,學士班(日間),索馬利蘭共和國,非洲,2,1,1,2,1,1,0,0,0,0,0,0,0,0,0
114,私立,一般大學,1007,逢甲大學,學士班(日間),塔吉克共和國,其他亞洲地區,1,0,1,1,0,1,0,0,0,0,0,0,0,0,0
114,私立,一般大學,1007,逢甲大學,學士班(日間),義大利共和國,歐洲,1,1,0,1,1,0,0,0,0,0,0,0,0,0,0
114,私立,一般大學,1007,逢甲大學,學士班(日間),德意志聯邦共和國,歐洲,1,1,0,1,1,0,0,0,0,0,0,0,0,0,0
114,私立,一般大學,1007,逢甲大學,學士班(日間),緬甸,東協,3,2,1,1,0,1,2,2,0,0,0,0,0,0,0
114,私立,一般大學,1007,逢甲大學,學士班(日間),大陸地區,大陸地區,1,1,0,0,0,0,0,0,0,0,0,0,1,1,0
114,私立,一般大學,1007,逢甲大學,學士班(日間),大韓民國(南韓),其他亞洲地區,6,3,3,5,2,3,1,1,0,0,0,0,0,0,0
114,私立,一般大學,1007,逢甲大學,學士班(日間),厄瓜多共和國,中南美洲,1,1,0,0,0,0,1,1,0,0,0,0,0,0,0
114,私立,一般大學,1007,逢甲大學,學士班(日間),巴西聯邦共和國,中南美洲,2,1,1,0,0,0,2,1,1,0,0,0,0,0,0
114,私立,一般大學,1007,逢甲大學,學士班(日間),巴拉圭,中南美洲,1,0,1,1,0,1,0,0,0,0,0,0,0,0,0
114,私立,一般大學,1007,逢甲大學,學士班(日間),加拿大,北美洲,1,1,0,0,0,0,1,1,0,0,0,0,0,0,0
114,私立,一般大學,1007,逢甲大學,學士班(日間),伊朗伊斯蘭共和國,其他亞洲地區,1,1,0,1,1,0,0,0,0,0,0,0,0,0,0
114,私立,一般大學,1007,逢甲大學,學士班(日間),印度尼西亞共和國,東協,144,82,62,87,47,40,57,35,22,0,0,0,0,0,0
114,私立,一般大學,1007,逢甲大學,學士班(日間),貝南共和國,非洲,1,0,1,1,0,1,0,0,0,0,0,0,0,0,0
114,私立,一般大學,1007,逢甲大學,學士班(日間),南非共和國,非洲,1,1,0,1,1,0,0,0,0,0,0,0,0,0,0
114,私立,一般大學,1007,逢甲大學,學士班(日間),柬埔寨王國,東協,1,0,1,0,0,0,1,0,1,0,0,0,0,0,0
114,私立,一般大學,1007,逢甲大學,學士班(日間),香港,港澳,104,78,26,0,0,0,0,0,0,104,78,26,0,0,0
114,私立,一般大學,1007,逢甲大學,學士班(日間),哥倫比亞共和國,中南美洲,1,1,0,1,1,0,0,0,0,0,0,0,0,0,0
114,私立,一般大學,1007,逢甲大學,學士班(日間),馬來西亞,東協,114,80,34,13,8,5,101,72,29,0,0,0,0,0,0
114,私立,一般大學,1007,逢甲大學,學士班(日間),菲律賓共和國,東協,6,3,3,5,2,3,1,1,0,0,0,0,0,0,0
114,私立,一般大學,1007,逢甲大學,學士班(日間),越南社會主義共和國,東協,95,36,59,88,35,53,7,1,6,0,0,0,0,0,0
114,私立,一般大學,1007,逢甲大學,學士班(日間),聖文森(及格瑞那丁),中南美洲,1,1,0,1,1,0,0,0,0,0,0,0,0,0,0
114,私立,一般大學,1007,逢甲大學,學士班(日間),蒙古國,其他亞洲地區,1,1,0,1,1,0,0,0,0,0,0,0,0,0,0
114,私立,一般大學,1007,逢甲大學,學士班(日間),澳大利亞,其他亞洲地區,1,1,0,0,0,0,1,1,0,0,0,0,0,0,0
114,私立,一般大學,1007,逢甲大學,學士班(日間),澳門,港澳,12,10,2,0,0,0,0,0,0,12,10,2,0,0,0
114,私立,一般大學,1008,靜宜大學,學士班(日間),史瓦帝尼王國,非洲,30,19,11,30,19,11,0,0,0,0,0,0,0,0,0
114,私立,一般大學,1008,靜宜大學,學士班(日間),奈及利亞聯邦共和國,非洲,1,1,0,1,1,0,0,0,0,0,0,0,0,0,0
114,私立,一般大學,1008,靜宜大學,學士班(日間),俄羅斯聯邦,其他亞洲地區,2,1,1,2,1,1,0,0,0,0,0,0,0,0,0
114,私立,一般大學,1008,靜宜大學,學士班(日間),泰國,東協,13,3,10,12,3,9,1,0,1,0,0,0,0,0,0
114,私立,一般大學,1008,靜宜大學,學士班(日間),烏干達共和國,非洲,8,2,6,8,2,6,0,0,0,0,0,0,0,0,0
114,私立,一般大學,1008,靜宜大學,學士班(日間),智利,中南美洲,1,1,0,1,1,0,0,0,0,0,0,0,0,0,0
114,私立,一般大學,1008,靜宜大學,學士班(日間),越南社會主義共和國,東協,547,161,386,542,157,385,5,4,1,0,0,0,0,0,0
114,私立,一般大學,1008,靜宜大學,學士班(日間),墨西哥合眾國,中南美洲,1,1,0,1,1,0,0,0,0,0,0,0,0,0,0
114,私立,一般大學,1008,靜宜大學,學士班(日間),大韓民國(南韓),其他亞洲地區,3,1,2,2,1,1,1,0,1,0,0,0,0,0,0
114,私立,一般大學,1008,靜宜大學,學士班(日間),日本,其他亞洲地區,77,26,51,77,26,51,0,0,0,0,0,0,0,0,0
114,私立,一般大學,1008,靜宜大學,學士班(日間),印度,南亞,3,3,0,3,3,0,0,0,0,0,0,0,0,0,0
114,私立,一般大學,1008,靜宜大學,學士班(日間),印度尼西亞共和國,東協,93,39,54,57,28,29,36,11,25,0,0,0,0,0,0
114,私立,一般大學,1008,靜宜大學,學士班(日間),香港,港澳,27,15,12,0,0,0,0,0,0,27,15,12,0,0,0
114,私立,一般大學,1008,靜宜大學,學士班(日間),秘魯共和國,中南美洲,3,1,2,3,1,2,0,0,0,0,0,0,0,0,0
114,私立,一般大學,1008,靜宜大學,學士班(日間),馬來西亞,東協,63,41,22,40,28,12,23,13,10,0,0,0,0,0,0
114,私立,一般大學,1008,靜宜大學,學士班(日間),馬拉威共和國,非洲,1,1,0,1,1,0,0,0,0,0,0,0,0,0,0
114,私立,一般大學,1008,靜宜大學,學士班(日間),菲律賓共和國,東協,2,2,0,2,2,0,0,0,0,0,0,0,0,0,0
114,私立,一般大學,1008,靜宜大學,學士班(日間),義大利共和國,歐洲,2,1,1,2,1,1,0,0,0,0,0,0,0,0,0
114,私立,一般大學,1008,靜宜大學,學士班(日間),聖克里斯多福及尼維斯,中南美洲,1,1,0,1,1,0,0,0,0,0,0,0,0,0,0
114,私立,一般大學,1008,靜宜大學,學士班(日間),蒙古國,其他亞洲地區,19,9,10,19,9,10,0,0,0,0,0,0,0,0,0
114,私立,一般大學,1008,靜宜大學,學士班(日間),緬甸,東協,6,3,3,2,1,1,4,2,2,0,0,0,0,0,0
114,私立,一般大學,1008,靜宜大學,學士班(日間),澳門,港澳,3,1,2,0,0,0,0,0,0,3,1,2,0,0,0
114,私立,一般大學,1008,靜宜大學,學士班(日間),賴索托王國,非洲,1,0,1,1,0,1,0,0,0,0,0,0,0,0,0
114,私立,一般大學,1014,義守大學,學士班(日間),大韓民國(南韓),其他亞洲地區,1,1,0,0,0,0,1,1,0,0,0,0,0,0,0
114,私立,一般大學,1014,義守大學,學士班(日間),日本,其他亞洲地區,88,39,49,88,39,49,0,0,0,0,0,0,0,0,0
114,私立,一般大學,1014,義守大學,學士班(日間),加拿大,北美洲,1,1,0,0,0,0,1,1,0,0,0,0,0,0,0
114,私立,一般大學,1014,義守大學,學士班(日間),尼加拉瓜,中南美洲,1,0,1,1,0,1,0,0,0,0,0,0,0,0,0
114,私立,一般大學,1014,義守大學,學士班(日間),尼泊爾聯邦民主共和國,南亞,1,1,0,1,1,0,0,0,0,0,0,0,0,0,0
114,私立,一般大學,1014,義守大學,學士班(日間),印度,南亞,2,0,2,2,0,2,0,0,0,0,0,0,0,0,0
114,私立,一般大學,1014,義守大學,學士班(日間),印度尼西亞共和國,東協,260,125,135,193,97,96,67,28,39,0,0,0,0,0,0
114,私立,一般大學,1014,義守大學,學士班(日間),吐瓦魯,其他亞洲地區,1,1,0,1,1,0,0,0,0,0,0,0,0,0,0
114,私立,一般大學,1014,義守大學,學士班(日間),西班牙王國,歐洲,1,1,0,1,1,0,0,0,0,0,0,0,0,0,0
114,私立,一般大學,1014,義守大學,學士班(日間),宏都拉斯共和國,中南美洲,2,1,1,2,1,1,0,0,0,0,0,0,0,0,0
114,私立,一般大學,1014,義守大學,學士班(日間),貝里斯,中南美洲,19,6,13,19,6,13,0,0,0,0,0,0,0,0,0
114,私立,一般大學,1014,義守大學,學士班(日間),南非共和國,非洲,2,1,1,2,1,1,0,0,0,0,0,0,0,0,0
114,私立,一般大學,1014,義守大學,學士班(日間),香港,港澳,175,107,68,0,0,0,0,0,0,175,107,68,0,0,0
114,私立,一般大學,1014,義守大學,學士班(日間),海地共和國,中南美洲,1,1,0,1,1,0,0,0,0,0,0,0,0,0,0
114,私立,一般大學,1014,義守大學,學士班(日間),新加坡共和國,東協,2,0,2,2,0,2,0,0,0,0,0,0,0,0,0
114,私立,一般大學,1014,義守大學,學士班(日間),聖文森(及格瑞那丁),中南美洲,8,3,5,8,3,5,0,0,0,0,0,0,0,0,0
114,私立,一般大學,1014,義守大學,學士班(日間),聖克里斯多福及尼維斯,中南美洲,6,1,5,6,1,5,0,0,0,0,0,0,0,0,0
114,私立,一般大學,1014,義守大學,學士班(日間),澳門,港澳,14,13,1,0,0,0,0,0,0,14,13,1,0,0,0
114,私立,一般大學,1014,義守大學,學士班(日間),史瓦帝尼王國,非洲,8,2,6,8,2,6,0,0,0,0,0,0,0,0,0
114,私立,一般大學,1014,義守大學,學士班(日間),瓜地馬拉共和國,中南美洲,1,0,1,1,0,1,0,0,0,0,0,0,0,0,0
114,私立,一般大學,1014,義守大學,學士班(日間),吉爾吉斯,其他亞洲地區,15,5,10,15,5,10,0,0,0,0,0,0,0,0,0
114,私立,一般大學,1014,義守大學,學士班(日間),奈及利亞聯邦共和國,非洲,1,0,1,1,0,1,0,0,0,0,0,0,0,0,0
114,私立,一般大學,1014,義守大學,學士班(日間),肯亞共和國,非洲,1,1,0,1,1,0,0,0,0,0,0,0,0,0,0
114,私立,一般大學,1014,義守大學,學士班(日間),俄羅斯聯邦,其他亞洲地區,2,1,1,2,1,1,0,0,0,0,0,0,0,0,0
114,私立,一般大學,1014,義守大學,學士班(日間),美國,北美洲,4,3,1,4,3,1,0,0,0,0,0,0,0,0,0
114,私立,一般大學,1014,義守大學,學士班(日間),泰國,東協,68,32,36,68,32,36,0,0,0,0,0,0,0,0,0
114,私立,一般大學,1014,義守大學,學士班(日間),馬來西亞,東協,61,39,22,26,15,11,35,24,11,0,0,0,0,0,0
114,私立,一般大學,1014,義守大學,學士班(日間),馬紹爾群島共和國,其他亞洲地區,2,1,1,2,1,1,0,0,0,0,0,0,0,0,0
114,私立,一般大學,1014,義守大學,學士班(日間),菲律賓共和國,東協,51,26,25,51,26,25,0,0,0,0,0,0,0,0,0
114,私立,一般大學,1014,義守大學,學士班(日間),象牙海岸共和國,非洲,1,1,0,1,1,0,0,0,0,0,0,0,0,0,0
114,私立,一般大學,1014,義守大學,學士班(日間),越南社會主義共和國,東協,517,178,339,516,178,338,1,0,1,0,0,0,0,0,0
114,私立,一般大學,1014,義守大學,學士班(日間),聖露西亞,中南美洲,20,3,17,20,3,17,0,0,0,0,0,0,0,0,0
114,私立,一般大學,1014,義守大學,學士班(日間),蒙古國,其他亞洲地區,11,8,3,11,8,3,0,0,0,0,0,0,0,0,0
114,私立,一般大學,1014,義守大學,學士班(日間),摩洛哥王國,非洲,1,0,1,1,0,1,0,0,0,0,0,0,0,0,0
114,私立,一般大學,1016,銘傳大學,學士班(日間),大陸地區,大陸地區,2,1,1,0,0,0,0,0,0,0,0,0,2,1,1
114,私立,一般大學,1016,銘傳大學,學士班(日間),大韓民國(南韓),其他亞洲地區,1,0,1,1,0,1,0,0,0,0,0,0,0,0,0
114,私立,一般大學,1016,銘傳大學,學士班(日間),巴布亞紐幾內亞獨立國,其他亞洲地區,2,0,2,2,0,2,0,0,0,0,0,0,0,0,0
114,私立,一般大學,1016,銘傳大學,學士班(日間),巴西聯邦共和國,中南美洲,2,1,1,0,0,0,2,1,1,0,0,0,0,0,0
114,私立,一般大學,1016,銘傳大學,學士班(日間),巴拉圭,中南美洲,11,4,7,11,4,7,0,0,0,0,0,0,0,0,0
114,私立,一般大學,1016,銘傳大學,學士班(日間),加拿大,北美洲,1,1,0,1,1,0,0,0,0,0,0,0,0,0,0
114,私立,一般大學,1016,銘傳大學,學士班(日間),史瓦帝尼王國,非洲,16,9,7,16,9,7,0,0,0,0,0,0,0,0,0
114,私立,一般大學,1016,銘傳大學,學士班(日間),尼加拉瓜,中南美洲,1,1,0,1,1,0,0,0,0,0,0,0,0,0,0
114,私立,一般大學,1016,銘傳大學,學士班(日間),瓜地馬拉共和國,中南美洲,11,4,7,11,4,7,0,0,0,0,0,0,0,0,0
114,私立,一般大學,1016,銘傳大學,學士班(日間),印度尼西亞共和國,東協,226,97,129,123,59,64,103,38,65,0,0,0,0,0,0
114,私立,一般大學,1016,銘傳大學,學士班(日間),吐瓦魯,其他亞洲地區,7,1,6,7,1,6,0,0,0,0,0,0,0,0,0
114,私立,一般大學,1016,銘傳大學,學士班(日間),貝里斯,中南美洲,15,3,12,15,3,12,0,0,0,0,0,0,0,0,0
114,私立,一般大學,1016,銘傳大學,學士班(日間),帛琉共和國,其他亞洲地區,16,7,9,16,7,9,0,0,0,0,0,0,0,0,0
114,私立,一般大學,1016,銘傳大學,學士班(日間),波蘭共和國,歐洲,2,1,1,2,1,1,0,0,0,0,0,0,0,0,0
114,私立,一般大學,1016,銘傳大學,學士班(日間),法國,歐洲,1,1,0,1,1,0,0,0,0,0,0,0,0,0,0
114,私立,一般大學,1016,銘傳大學,學士班(日間),阿根廷,中南美洲,2,2,0,2,2,0,0,0,0,0,0,0,0,0,0
114,私立,一般大學,1016,銘傳大學,學士班(日間),俄羅斯聯邦,其他亞洲地區,1,1,0,1,1,0,0,0,0,0,0,0,0,0,0
114,私立,一般大學,1016,銘傳大學,學士班(日間),南非共和國,非洲,7,6,1,7,6,1,0,0,0,0,0,0,0,0,0
114,私立,一般大學,1016,銘傳大學,學士班(日間),英國,歐洲,1,1,0,1,1,0,0,0,0,0,0,0,0,0,0
114,私立,一般大學,1016,銘傳大學,學士班(日間),挪威王國,歐洲,1,0,1,1,0,1,0,0,0,0,0,0,0,0,0
114,私立,一般大學,1016,銘傳大學,學士班(日間),泰國,東協,60,14,46,56,12,44,4,2,2,0,0,0,0,0,0
114,私立,一般大學,1016,銘傳大學,學士班(日間),海地共和國,中南美洲,4,2,2,4,2,2,0,0,0,0,0,0,0,0,0
114,私立,一般大學,1016,銘傳大學,學士班(日間),馬來西亞,東協,354,158,196,122,61,61,232,97,135,0,0,0,0,0,0
114,私立,一般大學,1016,銘傳大學,學士班(日間),馬紹爾群島共和國,其他亞洲地區,8,5,3,8,5,3,0,0,0,0,0,0,0,0,0
114,私立,一般大學,1016,銘傳大學,學士班(日間),智利,中南美洲,1,1,0,1,1,0,0,0,0,0,0,0,0,0,0
114,私立,一般大學,1016,銘傳大學,學士班(日間),菲律賓共和國,東協,11,4,7,10,4,6,1,0,1,0,0,0,0,0,0
114,私立,一般大學,1016,銘傳大學,學士班(日間),越南社會主義共和國,東協,1111,347,764,1091,339,752,20,8,12,0,0,0,0,0,0
114,私立,一般大學,1016,銘傳大學,學士班(日間),聖露西亞,中南美洲,11,4,7,11,4,7,0,0,0,0,0,0,0,0,0
114,私立,一般大學,1016,銘傳大學,學士班(日間),蒙古國,其他亞洲地區,10,4,6,10,4,6,0,0,0,0,0,0,0,0,0
114,私立,一般大學,1016,銘傳大學,學士班(日間),澳門,港澳,23,11,12,0,0,0,0,0,0,23,11,12,0,0,0
114,私立,一般大學,1016,銘傳大學,學士班(日間),賴索托王國,非洲,1,1,0,1,1,0,0,0,0,0,0,0,0,0,0
114,私立,一般大學,1016,銘傳大學,學士班(日間),薩爾瓦多,中南美洲,1,0,1,1,0,1,0,0,0,0,0,0,0,0,0
114,私立,一般大學,1016,銘傳大學,學士班(日間),厄瓜多共和國,中南美洲,3,1,2,3,1,2,0,0,0,0,0,0,0,0,0
114,私立,一般大學,1016,銘傳大學,學士班(日間),巴林,其他亞洲地區,1,1,0,1,1,0,0,0,0,0,0,0,0,0,0
114,私立,一般大學,1016,銘傳大學,學士班(日間),日本,其他亞洲地區,60,15,45,60,15,45,0,0,0,0,0,0,0,0,0
114,私立,一般大學,1016,銘傳大學,學士班(日間),甘比亞共和國,非洲,1,0,1,1,0,1,0,0,0,0,0,0,0,0,0
114,私立,一般大學,1016,銘傳大學,學士班(日間),印度,南亞,5,3,2,5,3,2,0,0,0,0,0,0,0,0,0
114,私立,一般大學,1016,銘傳大學,學士班(日間),西班牙王國,歐洲,1,0,1,1,0,1,0,0,0,0,0,0,0,0,0
114,私立,一般大學,1016,銘傳大學,學士班(日間),宏都拉斯共和國,中南美洲,5,3,2,5,3,2,0,0,0,0,0,0,0,0,0
114,私立,一般大學,1016,銘傳大學,學士班(日間),沙烏地阿拉伯王國,其他亞洲地區,1,0,1,1,0,1,0,0,0,0,0,0,0,0,0
114,私立,一般大學,1016,銘傳大學,學士班(日間),辛巴威共和國,非洲,1,0,1,1,0,1,0,0,0,0,0,0,0,0,0
114,私立,一般大學,1016,銘傳大學,學士班(日間),美國,北美洲,17,10,7,16,9,7,1,1,0,0,0,0,0,0,0
114,私立,一般大學,1016,銘傳大學,學士班(日間),香港,港澳,152,65,87,0,0,0,0,0,0,152,65,87,0,0,0
114,私立,一般大學,1016,銘傳大學,學士班(日間),秘魯共和國,中南美洲,2,0,2,2,0,2,0,0,0,0,0,0,0,0,0
114,私立,一般大學,1016,銘傳大學,學士班(日間),愛爾蘭共和國,歐洲,1,1,0,1,1,0,0,0,0,0,0,0,0,0,0
114,私立,一般大學,1016,銘傳大學,學士班(日間),新加坡共和國,東協,2,0,2,1,0,1,1,0,1,0,0,0,0,0,0
114,私立,一般大學,1016,銘傳大學,學士班(日間),瑞典王國,歐洲,1,0,1,1,0,1,0,0,0,0,0,0,0,0,0
114,私立,一般大學,1016,銘傳大學,學士班(日間),義大利共和國,歐洲,1,0,1,0,0,0,1,0,1,0,0,0,0,0,0
114,私立,一般大學,1016,銘傳大學,學士班(日間),聖文森(及格瑞那丁),中南美洲,16,5,11,16,5,11,0,0,0,0,0,0,0,0,0
114,私立,一般大學,1016,銘傳大學,學士班(日間),聖克里斯多福及尼維斯,中南美洲,9,5,4,9,5,4,0,0,0,0,0,0,0,0,0
114,私立,一般大學,1016,銘傳大學,學士班(日間),寮人民民主共和國(寮國),東協,1,0,1,1,0,1,0,0,0,0,0,0,0,0,0
114,私立,一般大學,1016,銘傳大學,學士班(日間),緬甸,東協,19,7,12,2,0,2,17,7,10,0,0,0,0,0,0
114,私立,一般大學,1016,銘傳大學,學士班(日間),諾魯共和國,其他亞洲地區,1,1,0,1,1,0,0,0,0,0,0,0,0,0,0
